==== Test 1: echo hello world ====
==28637== Memcheck, a memory error detector
==28637== Copyright (C) 2002-2017, and GNU GPL'd, by Julian Seward et al.
==28637== Using Valgrind-3.13.0 and LibVEX; rerun with -h for copyright info
==28637== Command: ../minishell
==28637== Parent PID: 28635
==28637== 
==28637== 
==28637== HEAP SUMMARY:
==28637==     in use at exit: 134,367 bytes in 195 blocks
==28637==   total heap usage: 415 allocs, 220 frees, 161,668 bytes allocated
==28637== 
==28637== LEAK SUMMARY:
==28637==    definitely lost: 0 bytes in 0 blocks
==28637==    indirectly lost: 0 bytes in 0 blocks
==28637==      possibly lost: 0 bytes in 0 blocks
==28637==    still reachable: 134,367 bytes in 195 blocks
==28637==         suppressed: 0 bytes in 0 blocks
==28637== Reachable blocks (those to which a pointer was found) are not shown.
==28637== To see them, rerun with: --leak-check=full --show-leak-kinds=all
==28637== 
==28637== For counts of detected and suppressed errors, rerun with: -v
==28637== ERROR SUMMARY: 0 errors from 0 contexts (suppressed: 0 from 0)
==== Test 2: echo "hello world" ====
==28685== Memcheck, a memory error detector
==28685== Copyright (C) 2002-2017, and GNU GPL'd, by Julian Seward et al.
==28685== Using Valgrind-3.13.0 and LibVEX; rerun with -h for copyright info
==28685== Command: ../minishell
==28685== Parent PID: 28683
==28685== 
==28685== 
==28685== HEAP SUMMARY:
==28685==     in use at exit: 134,369 bytes in 195 blocks
==28685==   total heap usage: 425 allocs, 230 frees, 161,789 bytes allocated
==28685== 
==28685== LEAK SUMMARY:
==28685==    definitely lost: 0 bytes in 0 blocks
==28685==    indirectly lost: 0 bytes in 0 blocks
==28685==      possibly lost: 0 bytes in 0 blocks
==28685==    still reachable: 134,369 bytes in 195 blocks
==28685==         suppressed: 0 bytes in 0 blocks
==28685== Reachable blocks (those to which a pointer was found) are not shown.
==28685== To see them, rerun with: --leak-check=full --show-leak-kinds=all
==28685== 
==28685== For counts of detected and suppressed errors, rerun with: -v
==28685== ERROR SUMMARY: 0 errors from 0 contexts (suppressed: 0 from 0)
==== Test 3: echo 'hello world' ====
==28733== Memcheck, a memory error detector
==28733== Copyright (C) 2002-2017, and GNU GPL'd, by Julian Seward et al.
==28733== Using Valgrind-3.13.0 and LibVEX; rerun with -h for copyright info
==28733== Command: ../minishell
==28733== Parent PID: 28731
==28733== 
==28733== 
==28733== HEAP SUMMARY:
==28733==     in use at exit: 134,369 bytes in 195 blocks
==28733==   total heap usage: 425 allocs, 230 frees, 161,789 bytes allocated
==28733== 
==28733== LEAK SUMMARY:
==28733==    definitely lost: 0 bytes in 0 blocks
==28733==    indirectly lost: 0 bytes in 0 blocks
==28733==      possibly lost: 0 bytes in 0 blocks
==28733==    still reachable: 134,369 bytes in 195 blocks
==28733==         suppressed: 0 bytes in 0 blocks
==28733== Reachable blocks (those to which a pointer was found) are not shown.
==28733== To see them, rerun with: --leak-check=full --show-leak-kinds=all
==28733== 
==28733== For counts of detected and suppressed errors, rerun with: -v
==28733== ERROR SUMMARY: 0 errors from 0 contexts (suppressed: 0 from 0)
==== Test 4: echo hello'world' ====
==28786== Memcheck, a memory error detector
==28786== Copyright (C) 2002-2017, and GNU GPL'd, by Julian Seward et al.
==28786== Using Valgrind-3.13.0 and LibVEX; rerun with -h for copyright info
==28786== Command: ../minishell
==28786== Parent PID: 28784
==28786== 
==28786== 
==28786== HEAP SUMMARY:
==28786==     in use at exit: 134,368 bytes in 195 blocks
==28786==   total heap usage: 423 allocs, 228 frees, 161,756 bytes allocated
==28786== 
==28786== LEAK SUMMARY:
==28786==    definitely lost: 0 bytes in 0 blocks
==28786==    indirectly lost: 0 bytes in 0 blocks
==28786==      possibly lost: 0 bytes in 0 blocks
==28786==    still reachable: 134,368 bytes in 195 blocks
==28786==         suppressed: 0 bytes in 0 blocks
==28786== Reachable blocks (those to which a pointer was found) are not shown.
==28786== To see them, rerun with: --leak-check=full --show-leak-kinds=all
==28786== 
==28786== For counts of detected and suppressed errors, rerun with: -v
==28786== ERROR SUMMARY: 0 errors from 0 contexts (suppressed: 0 from 0)
==== Test 5: echo hello""world ====
==28834== Memcheck, a memory error detector
==28834== Copyright (C) 2002-2017, and GNU GPL'd, by Julian Seward et al.
==28834== Using Valgrind-3.13.0 and LibVEX; rerun with -h for copyright info
==28834== Command: ../minishell
==28834== Parent PID: 28832
==28834== 
==28834== 
==28834== HEAP SUMMARY:
==28834==     in use at exit: 134,368 bytes in 195 blocks
==28834==   total heap usage: 423 allocs, 228 frees, 161,756 bytes allocated
==28834== 
==28834== LEAK SUMMARY:
==28834==    definitely lost: 0 bytes in 0 blocks
==28834==    indirectly lost: 0 bytes in 0 blocks
==28834==      possibly lost: 0 bytes in 0 blocks
==28834==    still reachable: 134,368 bytes in 195 blocks
==28834==         suppressed: 0 bytes in 0 blocks
==28834== Reachable blocks (those to which a pointer was found) are not shown.
==28834== To see them, rerun with: --leak-check=full --show-leak-kinds=all
==28834== 
==28834== For counts of detected and suppressed errors, rerun with: -v
==28834== ERROR SUMMARY: 0 errors from 0 contexts (suppressed: 0 from 0)
==== Test 6: echo '' ====
==28872== Memcheck, a memory error detector
==28872== Copyright (C) 2002-2017, and GNU GPL'd, by Julian Seward et al.
==28872== Using Valgrind-3.13.0 and LibVEX; rerun with -h for copyright info
==28872== Command: ../minishell
==28872== Parent PID: 28870
==28872== 
==28872== 
==28872== HEAP SUMMARY:
==28872==     in use at exit: 134,358 bytes in 195 blocks
==28872==   total heap usage: 403 allocs, 208 frees, 161,536 bytes allocated
==28872== 
==28872== LEAK SUMMARY:
==28872==    definitely lost: 0 bytes in 0 blocks
==28872==    indirectly lost: 0 bytes in 0 blocks
==28872==      possibly lost: 0 bytes in 0 blocks
==28872==    still reachable: 134,358 bytes in 195 blocks
==28872==         suppressed: 0 bytes in 0 blocks
==28872== Reachable blocks (those to which a pointer was found) are not shown.
==28872== To see them, rerun with: --leak-check=full --show-leak-kinds=all
==28872== 
==28872== For counts of detected and suppressed errors, rerun with: -v
==28872== ERROR SUMMARY: 0 errors from 0 contexts (suppressed: 0 from 0)
==== Test 7: echo "$PWD" ====
==28910== Memcheck, a memory error detector
==28910== Copyright (C) 2002-2017, and GNU GPL'd, by Julian Seward et al.
==28910== Using Valgrind-3.13.0 and LibVEX; rerun with -h for copyright info
==28910== Command: ../minishell
==28910== Parent PID: 28908
==28910== 
==28910== 
==28910== HEAP SUMMARY:
==28910==     in use at exit: 134,362 bytes in 195 blocks
==28910==   total heap usage: 974 allocs, 779 frees, 171,966 bytes allocated
==28910== 
==28910== LEAK SUMMARY:
==28910==    definitely lost: 0 bytes in 0 blocks
==28910==    indirectly lost: 0 bytes in 0 blocks
==28910==      possibly lost: 0 bytes in 0 blocks
==28910==    still reachable: 134,362 bytes in 195 blocks
==28910==         suppressed: 0 bytes in 0 blocks
==28910== Reachable blocks (those to which a pointer was found) are not shown.
==28910== To see them, rerun with: --leak-check=full --show-leak-kinds=all
==28910== 
==28910== For counts of detected and suppressed errors, rerun with: -v
==28910== ERROR SUMMARY: 0 errors from 0 contexts (suppressed: 0 from 0)
==== Test 8: echo '$PWD' ====
==28951== Memcheck, a memory error detector
==28951== Copyright (C) 2002-2017, and GNU GPL'd, by Julian Seward et al.
==28951== Using Valgrind-3.13.0 and LibVEX; rerun with -h for copyright info
==28951== Command: ../minishell
==28951== Parent PID: 28949
==28951== 
==28951== 
==28951== HEAP SUMMARY:
==28951==     in use at exit: 134,362 bytes in 195 blocks
==28951==   total heap usage: 411 allocs, 216 frees, 161,600 bytes allocated
==28951== 
==28951== LEAK SUMMARY:
==28951==    definitely lost: 0 bytes in 0 blocks
==28951==    indirectly lost: 0 bytes in 0 blocks
==28951==      possibly lost: 0 bytes in 0 blocks
==28951==    still reachable: 134,362 bytes in 195 blocks
==28951==         suppressed: 0 bytes in 0 blocks
==28951== Reachable blocks (those to which a pointer was found) are not shown.
==28951== To see them, rerun with: --leak-check=full --show-leak-kinds=all
==28951== 
==28951== For counts of detected and suppressed errors, rerun with: -v
==28951== ERROR SUMMARY: 0 errors from 0 contexts (suppressed: 0 from 0)
==== Test 9: echo "aspas ->'" ====
==29004== Memcheck, a memory error detector
==29004== Copyright (C) 2002-2017, and GNU GPL'd, by Julian Seward et al.
==29004== Using Valgrind-3.13.0 and LibVEX; rerun with -h for copyright info
==29004== Command: ../minishell
==29004== Parent PID: 29002
==29004== 
==29004== 
==29004== HEAP SUMMARY:
==29004==     in use at exit: 134,367 bytes in 195 blocks
==29004==   total heap usage: 421 allocs, 226 frees, 161,727 bytes allocated
==29004== 
==29004== LEAK SUMMARY:
==29004==    definitely lost: 0 bytes in 0 blocks
==29004==    indirectly lost: 0 bytes in 0 blocks
==29004==      possibly lost: 0 bytes in 0 blocks
==29004==    still reachable: 134,367 bytes in 195 blocks
==29004==         suppressed: 0 bytes in 0 blocks
==29004== Reachable blocks (those to which a pointer was found) are not shown.
==29004== To see them, rerun with: --leak-check=full --show-leak-kinds=all
==29004== 
==29004== For counts of detected and suppressed errors, rerun with: -v
==29004== ERROR SUMMARY: 0 errors from 0 contexts (suppressed: 0 from 0)
==== Test 10: echo "aspas -> ' " ====
==29052== Memcheck, a memory error detector
==29052== Copyright (C) 2002-2017, and GNU GPL'd, by Julian Seward et al.
==29052== Using Valgrind-3.13.0 and LibVEX; rerun with -h for copyright info
==29052== Command: ../minishell
==29052== Parent PID: 29050
==29052== 
==29052== 
==29052== HEAP SUMMARY:
==29052==     in use at exit: 134,369 bytes in 195 blocks
==29052==   total heap usage: 425 allocs, 230 frees, 161,792 bytes allocated
==29052== 
==29052== LEAK SUMMARY:
==29052==    definitely lost: 0 bytes in 0 blocks
==29052==    indirectly lost: 0 bytes in 0 blocks
==29052==      possibly lost: 0 bytes in 0 blocks
==29052==    still reachable: 134,369 bytes in 195 blocks
==29052==         suppressed: 0 bytes in 0 blocks
==29052== Reachable blocks (those to which a pointer was found) are not shown.
==29052== To see them, rerun with: --leak-check=full --show-leak-kinds=all
==29052== 
==29052== For counts of detected and suppressed errors, rerun with: -v
==29052== ERROR SUMMARY: 0 errors from 0 contexts (suppressed: 0 from 0)
==== Test 11: echo 'aspas ->"' ====
==29090== Memcheck, a memory error detector
==29090== Copyright (C) 2002-2017, and GNU GPL'd, by Julian Seward et al.
==29090== Using Valgrind-3.13.0 and LibVEX; rerun with -h for copyright info
==29090== Command: ../minishell
==29090== Parent PID: 29088
==29090== 
==29090== 
==29090== HEAP SUMMARY:
==29090==     in use at exit: 134,367 bytes in 195 blocks
==29090==   total heap usage: 421 allocs, 226 frees, 161,727 bytes allocated
==29090== 
==29090== LEAK SUMMARY:
==29090==    definitely lost: 0 bytes in 0 blocks
==29090==    indirectly lost: 0 bytes in 0 blocks
==29090==      possibly lost: 0 bytes in 0 blocks
==29090==    still reachable: 134,367 bytes in 195 blocks
==29090==         suppressed: 0 bytes in 0 blocks
==29090== Reachable blocks (those to which a pointer was found) are not shown.
==29090== To see them, rerun with: --leak-check=full --show-leak-kinds=all
==29090== 
==29090== For counts of detected and suppressed errors, rerun with: -v
==29090== ERROR SUMMARY: 0 errors from 0 contexts (suppressed: 0 from 0)
==== Test 12: echo 'aspas -> " ' ====
==29128== Memcheck, a memory error detector
==29128== Copyright (C) 2002-2017, and GNU GPL'd, by Julian Seward et al.
==29128== Using Valgrind-3.13.0 and LibVEX; rerun with -h for copyright info
==29128== Command: ../minishell
==29128== Parent PID: 29126
==29128== 
==29128== 
==29128== HEAP SUMMARY:
==29128==     in use at exit: 134,369 bytes in 195 blocks
==29128==   total heap usage: 425 allocs, 230 frees, 161,792 bytes allocated
==29128== 
==29128== LEAK SUMMARY:
==29128==    definitely lost: 0 bytes in 0 blocks
==29128==    indirectly lost: 0 bytes in 0 blocks
==29128==      possibly lost: 0 bytes in 0 blocks
==29128==    still reachable: 134,369 bytes in 195 blocks
==29128==         suppressed: 0 bytes in 0 blocks
==29128== Reachable blocks (those to which a pointer was found) are not shown.
==29128== To see them, rerun with: --leak-check=full --show-leak-kinds=all
==29128== 
==29128== For counts of detected and suppressed errors, rerun with: -v
==29128== ERROR SUMMARY: 0 errors from 0 contexts (suppressed: 0 from 0)
==== Test 13: echo "> >> < * ? [ ] | ; [ ] || && ( ) & # $  <<" ====
==29166== Memcheck, a memory error detector
==29166== Copyright (C) 2002-2017, and GNU GPL'd, by Julian Seward et al.
==29166== Using Valgrind-3.13.0 and LibVEX; rerun with -h for copyright info
==29166== Command: ../minishell
==29166== Parent PID: 29164
==29166== 
==29166== 
==29166== HEAP SUMMARY:
==29166==     in use at exit: 134,400 bytes in 195 blocks
==29166==   total heap usage: 535 allocs, 340 frees, 164,876 bytes allocated
==29166== 
==29166== LEAK SUMMARY:
==29166==    definitely lost: 0 bytes in 0 blocks
==29166==    indirectly lost: 0 bytes in 0 blocks
==29166==      possibly lost: 0 bytes in 0 blocks
==29166==    still reachable: 134,400 bytes in 195 blocks
==29166==         suppressed: 0 bytes in 0 blocks
==29166== Reachable blocks (those to which a pointer was found) are not shown.
==29166== To see them, rerun with: --leak-check=full --show-leak-kinds=all
==29166== 
==29166== For counts of detected and suppressed errors, rerun with: -v
==29166== ERROR SUMMARY: 0 errors from 0 contexts (suppressed: 0 from 0)
==== Test 14: echo '> >> < * ? [ ] | ; [ ] || && ( ) & # $  <<' ====
==29204== Memcheck, a memory error detector
==29204== Copyright (C) 2002-2017, and GNU GPL'd, by Julian Seward et al.
==29204== Using Valgrind-3.13.0 and LibVEX; rerun with -h for copyright info
==29204== Command: ../minishell
==29204== Parent PID: 29202
==29204== 
==29204== 
==29204== HEAP SUMMARY:
==29204==     in use at exit: 134,400 bytes in 195 blocks
==29204==   total heap usage: 489 allocs, 294 frees, 163,839 bytes allocated
==29204== 
==29204== LEAK SUMMARY:
==29204==    definitely lost: 0 bytes in 0 blocks
==29204==    indirectly lost: 0 bytes in 0 blocks
==29204==      possibly lost: 0 bytes in 0 blocks
==29204==    still reachable: 134,400 bytes in 195 blocks
==29204==         suppressed: 0 bytes in 0 blocks
==29204== Reachable blocks (those to which a pointer was found) are not shown.
==29204== To see them, rerun with: --leak-check=full --show-leak-kinds=all
==29204== 
==29204== For counts of detected and suppressed errors, rerun with: -v
==29204== ERROR SUMMARY: 0 errors from 0 contexts (suppressed: 0 from 0)
==== Test 15: echo "exit_code ->$? user ->$USER home -> $HOME" ====
==29257== Memcheck, a memory error detector
==29257== Copyright (C) 2002-2017, and GNU GPL'd, by Julian Seward et al.
==29257== Using Valgrind-3.13.0 and LibVEX; rerun with -h for copyright info
==29257== Command: ../minishell
==29257== Parent PID: 29255
==29257== 
==29257== 
==29257== HEAP SUMMARY:
==29257==     in use at exit: 134,399 bytes in 195 blocks
==29257==   total heap usage: 589 allocs, 394 frees, 165,839 bytes allocated
==29257== 
==29257== LEAK SUMMARY:
==29257==    definitely lost: 0 bytes in 0 blocks
==29257==    indirectly lost: 0 bytes in 0 blocks
==29257==      possibly lost: 0 bytes in 0 blocks
==29257==    still reachable: 134,399 bytes in 195 blocks
==29257==         suppressed: 0 bytes in 0 blocks
==29257== Reachable blocks (those to which a pointer was found) are not shown.
==29257== To see them, rerun with: --leak-check=full --show-leak-kinds=all
==29257== 
==29257== For counts of detected and suppressed errors, rerun with: -v
==29257== ERROR SUMMARY: 0 errors from 0 contexts (suppressed: 0 from 0)
==== Test 16: echo 'exit_code ->$? user ->$USER home -> $HOME' ====
==29305== Memcheck, a memory error detector
==29305== Copyright (C) 2002-2017, and GNU GPL'd, by Julian Seward et al.
==29305== Using Valgrind-3.13.0 and LibVEX; rerun with -h for copyright info
==29305== Command: ../minishell
==29305== Parent PID: 29303
==29305== 
==29305== 
==29305== HEAP SUMMARY:
==29305==     in use at exit: 134,399 bytes in 195 blocks
==29305==   total heap usage: 487 allocs, 292 frees, 163,773 bytes allocated
==29305== 
==29305== LEAK SUMMARY:
==29305==    definitely lost: 0 bytes in 0 blocks
==29305==    indirectly lost: 0 bytes in 0 blocks
==29305==      possibly lost: 0 bytes in 0 blocks
==29305==    still reachable: 134,399 bytes in 195 blocks
==29305==         suppressed: 0 bytes in 0 blocks
==29305== Reachable blocks (those to which a pointer was found) are not shown.
==29305== To see them, rerun with: --leak-check=full --show-leak-kinds=all
==29305== 
==29305== For counts of detected and suppressed errors, rerun with: -v
==29305== ERROR SUMMARY: 0 errors from 0 contexts (suppressed: 0 from 0)
==== Test 17: echo "$" ====
==29343== Memcheck, a memory error detector
==29343== Copyright (C) 2002-2017, and GNU GPL'd, by Julian Seward et al.
==29343== Using Valgrind-3.13.0 and LibVEX; rerun with -h for copyright info
==29343== Command: ../minishell
==29343== Parent PID: 29341
==29343== 
==29343== 
==29343== HEAP SUMMARY:
==29343==     in use at exit: 134,359 bytes in 195 blocks
==29343==   total heap usage: 410 allocs, 215 frees, 161,561 bytes allocated
==29343== 
==29343== LEAK SUMMARY:
==29343==    definitely lost: 0 bytes in 0 blocks
==29343==    indirectly lost: 0 bytes in 0 blocks
==29343==      possibly lost: 0 bytes in 0 blocks
==29343==    still reachable: 134,359 bytes in 195 blocks
==29343==         suppressed: 0 bytes in 0 blocks
==29343== Reachable blocks (those to which a pointer was found) are not shown.
==29343== To see them, rerun with: --leak-check=full --show-leak-kinds=all
==29343== 
==29343== For counts of detected and suppressed errors, rerun with: -v
==29343== ERROR SUMMARY: 0 errors from 0 contexts (suppressed: 0 from 0)
==== Test 18: echo '$' ====
==29381== Memcheck, a memory error detector
==29381== Copyright (C) 2002-2017, and GNU GPL'd, by Julian Seward et al.
==29381== Using Valgrind-3.13.0 and LibVEX; rerun with -h for copyright info
==29381== Command: ../minishell
==29381== Parent PID: 29379
==29381== 
==29381== 
==29381== HEAP SUMMARY:
==29381==     in use at exit: 134,359 bytes in 195 blocks
==29381==   total heap usage: 405 allocs, 210 frees, 161,549 bytes allocated
==29381== 
==29381== LEAK SUMMARY:
==29381==    definitely lost: 0 bytes in 0 blocks
==29381==    indirectly lost: 0 bytes in 0 blocks
==29381==      possibly lost: 0 bytes in 0 blocks
==29381==    still reachable: 134,359 bytes in 195 blocks
==29381==         suppressed: 0 bytes in 0 blocks
==29381== Reachable blocks (those to which a pointer was found) are not shown.
==29381== To see them, rerun with: --leak-check=full --show-leak-kinds=all
==29381== 
==29381== For counts of detected and suppressed errors, rerun with: -v
==29381== ERROR SUMMARY: 0 errors from 0 contexts (suppressed: 0 from 0)
==== Test 19: echo $ ====
==29419== Memcheck, a memory error detector
==29419== Copyright (C) 2002-2017, and GNU GPL'd, by Julian Seward et al.
==29419== Using Valgrind-3.13.0 and LibVEX; rerun with -h for copyright info
==29419== Command: ../minishell
==29419== Parent PID: 29417
==29419== 
==29419== 
==29419== HEAP SUMMARY:
==29419==     in use at exit: 134,357 bytes in 195 blocks
==29419==   total heap usage: 404 allocs, 209 frees, 161,532 bytes allocated
==29419== 
==29419== LEAK SUMMARY:
==29419==    definitely lost: 0 bytes in 0 blocks
==29419==    indirectly lost: 0 bytes in 0 blocks
==29419==      possibly lost: 0 bytes in 0 blocks
==29419==    still reachable: 134,357 bytes in 195 blocks
==29419==         suppressed: 0 bytes in 0 blocks
==29419== Reachable blocks (those to which a pointer was found) are not shown.
==29419== To see them, rerun with: --leak-check=full --show-leak-kinds=all
==29419== 
==29419== For counts of detected and suppressed errors, rerun with: -v
==29419== ERROR SUMMARY: 0 errors from 0 contexts (suppressed: 0 from 0)
==== Test 20: echo $? ====
==29457== Memcheck, a memory error detector
==29457== Copyright (C) 2002-2017, and GNU GPL'd, by Julian Seward et al.
==29457== Using Valgrind-3.13.0 and LibVEX; rerun with -h for copyright info
==29457== Command: ../minishell
==29457== Parent PID: 29455
==29457== 
==29457== 
==29457== HEAP SUMMARY:
==29457==     in use at exit: 134,358 bytes in 195 blocks
==29457==   total heap usage: 405 allocs, 210 frees, 161,539 bytes allocated
==29457== 
==29457== LEAK SUMMARY:
==29457==    definitely lost: 0 bytes in 0 blocks
==29457==    indirectly lost: 0 bytes in 0 blocks
==29457==      possibly lost: 0 bytes in 0 blocks
==29457==    still reachable: 134,358 bytes in 195 blocks
==29457==         suppressed: 0 bytes in 0 blocks
==29457== Reachable blocks (those to which a pointer was found) are not shown.
==29457== To see them, rerun with: --leak-check=full --show-leak-kinds=all
==29457== 
==29457== For counts of detected and suppressed errors, rerun with: -v
==29457== ERROR SUMMARY: 0 errors from 0 contexts (suppressed: 0 from 0)
==== Test 21: echo $?HELLO ====
==29510== Memcheck, a memory error detector
==29510== Copyright (C) 2002-2017, and GNU GPL'd, by Julian Seward et al.
==29510== Using Valgrind-3.13.0 and LibVEX; rerun with -h for copyright info
==29510== Command: ../minishell
==29510== Parent PID: 29508
==29510== 
==29510== 
==29510== HEAP SUMMARY:
==29510==     in use at exit: 134,363 bytes in 195 blocks
==29510==   total heap usage: 415 allocs, 220 frees, 161,624 bytes allocated
==29510== 
==29510== LEAK SUMMARY:
==29510==    definitely lost: 0 bytes in 0 blocks
==29510==    indirectly lost: 0 bytes in 0 blocks
==29510==      possibly lost: 0 bytes in 0 blocks
==29510==    still reachable: 134,363 bytes in 195 blocks
==29510==         suppressed: 0 bytes in 0 blocks
==29510== Reachable blocks (those to which a pointer was found) are not shown.
==29510== To see them, rerun with: --leak-check=full --show-leak-kinds=all
==29510== 
==29510== For counts of detected and suppressed errors, rerun with: -v
==29510== ERROR SUMMARY: 0 errors from 0 contexts (suppressed: 0 from 0)
==== Test 22: pwd ====
==29558== Memcheck, a memory error detector
==29558== Copyright (C) 2002-2017, and GNU GPL'd, by Julian Seward et al.
==29558== Using Valgrind-3.13.0 and LibVEX; rerun with -h for copyright info
==29558== Command: ../minishell
==29558== Parent PID: 29556
==29558== 
==29558== 
==29558== HEAP SUMMARY:
==29558==     in use at exit: 134,354 bytes in 195 blocks
==29558==   total heap usage: 856 allocs, 661 frees, 168,692 bytes allocated
==29558== 
==29558== LEAK SUMMARY:
==29558==    definitely lost: 0 bytes in 0 blocks
==29558==    indirectly lost: 0 bytes in 0 blocks
==29558==      possibly lost: 0 bytes in 0 blocks
==29558==    still reachable: 134,354 bytes in 195 blocks
==29558==         suppressed: 0 bytes in 0 blocks
==29558== Reachable blocks (those to which a pointer was found) are not shown.
==29558== To see them, rerun with: --leak-check=full --show-leak-kinds=all
==29558== 
==29558== For counts of detected and suppressed errors, rerun with: -v
==29558== ERROR SUMMARY: 0 errors from 0 contexts (suppressed: 0 from 0)
==== Test 23: pwd oi ====
==29599== Memcheck, a memory error detector
==29599== Copyright (C) 2002-2017, and GNU GPL'd, by Julian Seward et al.
==29599== Using Valgrind-3.13.0 and LibVEX; rerun with -h for copyright info
==29599== Command: ../minishell
==29599== Parent PID: 29597
==29599== 
==29599== 
==29599== HEAP SUMMARY:
==29599==     in use at exit: 134,357 bytes in 195 blocks
==29599==   total heap usage: 863 allocs, 668 frees, 168,751 bytes allocated
==29599== 
==29599== LEAK SUMMARY:
==29599==    definitely lost: 0 bytes in 0 blocks
==29599==    indirectly lost: 0 bytes in 0 blocks
==29599==      possibly lost: 0 bytes in 0 blocks
==29599==    still reachable: 134,357 bytes in 195 blocks
==29599==         suppressed: 0 bytes in 0 blocks
==29599== Reachable blocks (those to which a pointer was found) are not shown.
==29599== To see them, rerun with: --leak-check=full --show-leak-kinds=all
==29599== 
==29599== For counts of detected and suppressed errors, rerun with: -v
==29599== ERROR SUMMARY: 0 errors from 0 contexts (suppressed: 0 from 0)
==== Test 24: export hello ====
==29637== Memcheck, a memory error detector
==29637== Copyright (C) 2002-2017, and GNU GPL'd, by Julian Seward et al.
==29637== Using Valgrind-3.13.0 and LibVEX; rerun with -h for copyright info
==29637== Command: ../minishell
==29637== Parent PID: 29635
==29637== 
==29637== 
==29637== HEAP SUMMARY:
==29637==     in use at exit: 134,363 bytes in 195 blocks
==29637==   total heap usage: 408 allocs, 213 frees, 161,606 bytes allocated
==29637== 
==29637== LEAK SUMMARY:
==29637==    definitely lost: 0 bytes in 0 blocks
==29637==    indirectly lost: 0 bytes in 0 blocks
==29637==      possibly lost: 0 bytes in 0 blocks
==29637==    still reachable: 134,363 bytes in 195 blocks
==29637==         suppressed: 0 bytes in 0 blocks
==29637== Reachable blocks (those to which a pointer was found) are not shown.
==29637== To see them, rerun with: --leak-check=full --show-leak-kinds=all
==29637== 
==29637== For counts of detected and suppressed errors, rerun with: -v
==29637== ERROR SUMMARY: 0 errors from 0 contexts (suppressed: 0 from 0)
==== Test 25: export HELLO=123 ====
==29675== Memcheck, a memory error detector
==29675== Copyright (C) 2002-2017, and GNU GPL'd, by Julian Seward et al.
==29675== Using Valgrind-3.13.0 and LibVEX; rerun with -h for copyright info
==29675== Command: ../minishell
==29675== Parent PID: 29673
==29675== 
==29675== 
==29675== HEAP SUMMARY:
==29675==     in use at exit: 134,367 bytes in 195 blocks
==29675==   total heap usage: 414 allocs, 219 frees, 162,222 bytes allocated
==29675== 
==29675== LEAK SUMMARY:
==29675==    definitely lost: 0 bytes in 0 blocks
==29675==    indirectly lost: 0 bytes in 0 blocks
==29675==      possibly lost: 0 bytes in 0 blocks
==29675==    still reachable: 134,367 bytes in 195 blocks
==29675==         suppressed: 0 bytes in 0 blocks
==29675== Reachable blocks (those to which a pointer was found) are not shown.
==29675== To see them, rerun with: --leak-check=full --show-leak-kinds=all
==29675== 
==29675== For counts of detected and suppressed errors, rerun with: -v
==29675== ERROR SUMMARY: 0 errors from 0 contexts (suppressed: 0 from 0)
==== Test 26: export A- ====
==29728== Memcheck, a memory error detector
==29728== Copyright (C) 2002-2017, and GNU GPL'd, by Julian Seward et al.
==29728== Using Valgrind-3.13.0 and LibVEX; rerun with -h for copyright info
==29728== Command: ../minishell
==29728== Parent PID: 29726
==29728== 
==29728== 
==29728== HEAP SUMMARY:
==29728==     in use at exit: 134,360 bytes in 195 blocks
==29728==   total heap usage: 405 allocs, 210 frees, 161,567 bytes allocated
==29728== 
==29728== LEAK SUMMARY:
==29728==    definitely lost: 0 bytes in 0 blocks
==29728==    indirectly lost: 0 bytes in 0 blocks
==29728==      possibly lost: 0 bytes in 0 blocks
==29728==    still reachable: 134,360 bytes in 195 blocks
==29728==         suppressed: 0 bytes in 0 blocks
==29728== Reachable blocks (those to which a pointer was found) are not shown.
==29728== To see them, rerun with: --leak-check=full --show-leak-kinds=all
==29728== 
==29728== For counts of detected and suppressed errors, rerun with: -v
==29728== ERROR SUMMARY: 0 errors from 0 contexts (suppressed: 0 from 0)
==== Test 27: export HELLO=123 A ====
==29776== Memcheck, a memory error detector
==29776== Copyright (C) 2002-2017, and GNU GPL'd, by Julian Seward et al.
==29776== Using Valgrind-3.13.0 and LibVEX; rerun with -h for copyright info
==29776== Command: ../minishell
==29776== Parent PID: 29774
==29776== 
==29776== 
==29776== HEAP SUMMARY:
==29776==     in use at exit: 134,369 bytes in 195 blocks
==29776==   total heap usage: 421 allocs, 226 frees, 162,273 bytes allocated
==29776== 
==29776== LEAK SUMMARY:
==29776==    definitely lost: 0 bytes in 0 blocks
==29776==    indirectly lost: 0 bytes in 0 blocks
==29776==      possibly lost: 0 bytes in 0 blocks
==29776==    still reachable: 134,369 bytes in 195 blocks
==29776==         suppressed: 0 bytes in 0 blocks
==29776== Reachable blocks (those to which a pointer was found) are not shown.
==29776== To see them, rerun with: --leak-check=full --show-leak-kinds=all
==29776== 
==29776== For counts of detected and suppressed errors, rerun with: -v
==29776== ERROR SUMMARY: 0 errors from 0 contexts (suppressed: 0 from 0)
==== Test 28: export HELLO="123 A-" ====
==29816== Memcheck, a memory error detector
==29816== Copyright (C) 2002-2017, and GNU GPL'd, by Julian Seward et al.
==29816== Using Valgrind-3.13.0 and LibVEX; rerun with -h for copyright info
==29816== Command: ../minishell
==29816== Parent PID: 29814
==29816== 
==29816== 
==29816== HEAP SUMMARY:
==29816==     in use at exit: 134,372 bytes in 195 blocks
==29816==   total heap usage: 433 allocs, 238 frees, 162,446 bytes allocated
==29816== 
==29816== LEAK SUMMARY:
==29816==    definitely lost: 0 bytes in 0 blocks
==29816==    indirectly lost: 0 bytes in 0 blocks
==29816==      possibly lost: 0 bytes in 0 blocks
==29816==    still reachable: 134,372 bytes in 195 blocks
==29816==         suppressed: 0 bytes in 0 blocks
==29816== Reachable blocks (those to which a pointer was found) are not shown.
==29816== To see them, rerun with: --leak-check=full --show-leak-kinds=all
==29816== 
==29816== For counts of detected and suppressed errors, rerun with: -v
==29816== ERROR SUMMARY: 0 errors from 0 contexts (suppressed: 0 from 0)
==== Test 29: export hello world ====
==29857== Memcheck, a memory error detector
==29857== Copyright (C) 2002-2017, and GNU GPL'd, by Julian Seward et al.
==29857== Using Valgrind-3.13.0 and LibVEX; rerun with -h for copyright info
==29857== Command: ../minishell
==29857== Parent PID: 29855
==29857== 
==29857== 
==29857== HEAP SUMMARY:
==29857==     in use at exit: 134,369 bytes in 195 blocks
==29857==   total heap usage: 419 allocs, 224 frees, 161,707 bytes allocated
==29857== 
==29857== LEAK SUMMARY:
==29857==    definitely lost: 0 bytes in 0 blocks
==29857==    indirectly lost: 0 bytes in 0 blocks
==29857==      possibly lost: 0 bytes in 0 blocks
==29857==    still reachable: 134,369 bytes in 195 blocks
==29857==         suppressed: 0 bytes in 0 blocks
==29857== Reachable blocks (those to which a pointer was found) are not shown.
==29857== To see them, rerun with: --leak-check=full --show-leak-kinds=all
==29857== 
==29857== For counts of detected and suppressed errors, rerun with: -v
==29857== ERROR SUMMARY: 0 errors from 0 contexts (suppressed: 0 from 0)
==== Test 30: export HELLO-=123 ====
==29895== Memcheck, a memory error detector
==29895== Copyright (C) 2002-2017, and GNU GPL'd, by Julian Seward et al.
==29895== Using Valgrind-3.13.0 and LibVEX; rerun with -h for copyright info
==29895== Command: ../minishell
==29895== Parent PID: 29893
==29895== 
==29895== 
==29895== HEAP SUMMARY:
==29895==     in use at exit: 134,368 bytes in 195 blocks
==29895==   total heap usage: 413 allocs, 218 frees, 161,687 bytes allocated
==29895== 
==29895== LEAK SUMMARY:
==29895==    definitely lost: 0 bytes in 0 blocks
==29895==    indirectly lost: 0 bytes in 0 blocks
==29895==      possibly lost: 0 bytes in 0 blocks
==29895==    still reachable: 134,368 bytes in 195 blocks
==29895==         suppressed: 0 bytes in 0 blocks
==29895== Reachable blocks (those to which a pointer was found) are not shown.
==29895== To see them, rerun with: --leak-check=full --show-leak-kinds=all
==29895== 
==29895== For counts of detected and suppressed errors, rerun with: -v
==29895== ERROR SUMMARY: 0 errors from 0 contexts (suppressed: 0 from 0)
==== Test 31: export = ====
==29948== Memcheck, a memory error detector
==29948== Copyright (C) 2002-2017, and GNU GPL'd, by Julian Seward et al.
==29948== Using Valgrind-3.13.0 and LibVEX; rerun with -h for copyright info
==29948== Command: ../minishell
==29948== Parent PID: 29946
==29948== 
==29948== 
==29948== HEAP SUMMARY:
==29948==     in use at exit: 134,359 bytes in 195 blocks
==29948==   total heap usage: 403 allocs, 208 frees, 161,554 bytes allocated
==29948== 
==29948== LEAK SUMMARY:
==29948==    definitely lost: 0 bytes in 0 blocks
==29948==    indirectly lost: 0 bytes in 0 blocks
==29948==      possibly lost: 0 bytes in 0 blocks
==29948==    still reachable: 134,359 bytes in 195 blocks
==29948==         suppressed: 0 bytes in 0 blocks
==29948== Reachable blocks (those to which a pointer was found) are not shown.
==29948== To see them, rerun with: --leak-check=full --show-leak-kinds=all
==29948== 
==29948== For counts of detected and suppressed errors, rerun with: -v
==29948== ERROR SUMMARY: 0 errors from 0 contexts (suppressed: 0 from 0)
==== Test 32: export 123 ====
==29996== Memcheck, a memory error detector
==29996== Copyright (C) 2002-2017, and GNU GPL'd, by Julian Seward et al.
==29996== Using Valgrind-3.13.0 and LibVEX; rerun with -h for copyright info
==29996== Command: ../minishell
==29996== Parent PID: 29994
==29996== 
==29996== 
==29996== HEAP SUMMARY:
==29996==     in use at exit: 134,220 bytes in 193 blocks
==29996==   total heap usage: 405 allocs, 212 frees, 161,567 bytes allocated
==29996== 
==29996== LEAK SUMMARY:
==29996==    definitely lost: 0 bytes in 0 blocks
==29996==    indirectly lost: 0 bytes in 0 blocks
==29996==      possibly lost: 0 bytes in 0 blocks
==29996==    still reachable: 134,220 bytes in 193 blocks
==29996==         suppressed: 0 bytes in 0 blocks
==29996== Reachable blocks (those to which a pointer was found) are not shown.
==29996== To see them, rerun with: --leak-check=full --show-leak-kinds=all
==29996== 
==29996== For counts of detected and suppressed errors, rerun with: -v
==29996== ERROR SUMMARY: 0 errors from 0 contexts (suppressed: 0 from 0)
==== Test 33: unset ====
==30034== Memcheck, a memory error detector
==30034== Copyright (C) 2002-2017, and GNU GPL'd, by Julian Seward et al.
==30034== Using Valgrind-3.13.0 and LibVEX; rerun with -h for copyright info
==30034== Command: ../minishell
==30034== Parent PID: 30032
==30034== 
==30034== 
==30034== HEAP SUMMARY:
==30034==     in use at exit: 134,356 bytes in 195 blocks
==30034==   total heap usage: 396 allocs, 201 frees, 161,491 bytes allocated
==30034== 
==30034== LEAK SUMMARY:
==30034==    definitely lost: 0 bytes in 0 blocks
==30034==    indirectly lost: 0 bytes in 0 blocks
==30034==      possibly lost: 0 bytes in 0 blocks
==30034==    still reachable: 134,356 bytes in 195 blocks
==30034==         suppressed: 0 bytes in 0 blocks
==30034== Reachable blocks (those to which a pointer was found) are not shown.
==30034== To see them, rerun with: --leak-check=full --show-leak-kinds=all
==30034== 
==30034== For counts of detected and suppressed errors, rerun with: -v
==30034== ERROR SUMMARY: 0 errors from 0 contexts (suppressed: 0 from 0)
==== Test 34: unset HELLO ====
==30072== Memcheck, a memory error detector
==30072== Copyright (C) 2002-2017, and GNU GPL'd, by Julian Seward et al.
==30072== Using Valgrind-3.13.0 and LibVEX; rerun with -h for copyright info
==30072== Command: ../minishell
==30072== Parent PID: 30070
==30072== 
==30072== 
==30072== HEAP SUMMARY:
==30072==     in use at exit: 134,362 bytes in 195 blocks
==30072==   total heap usage: 406 allocs, 211 frees, 161,586 bytes allocated
==30072== 
==30072== LEAK SUMMARY:
==30072==    definitely lost: 0 bytes in 0 blocks
==30072==    indirectly lost: 0 bytes in 0 blocks
==30072==      possibly lost: 0 bytes in 0 blocks
==30072==    still reachable: 134,362 bytes in 195 blocks
==30072==         suppressed: 0 bytes in 0 blocks
==30072== Reachable blocks (those to which a pointer was found) are not shown.
==30072== To see them, rerun with: --leak-check=full --show-leak-kinds=all
==30072== 
==30072== For counts of detected and suppressed errors, rerun with: -v
==30072== ERROR SUMMARY: 0 errors from 0 contexts (suppressed: 0 from 0)
==== Test 35: unset HELLO1 HELLO2 ====
==30110== Memcheck, a memory error detector
==30110== Copyright (C) 2002-2017, and GNU GPL'd, by Julian Seward et al.
==30110== Using Valgrind-3.13.0 and LibVEX; rerun with -h for copyright info
==30110== Command: ../minishell
==30110== Parent PID: 30108
==30110== 
==30110== 
==30110== HEAP SUMMARY:
==30110==     in use at exit: 134,370 bytes in 195 blocks
==30110==   total heap usage: 418 allocs, 223 frees, 161,709 bytes allocated
==30110== 
==30110== LEAK SUMMARY:
==30110==    definitely lost: 0 bytes in 0 blocks
==30110==    indirectly lost: 0 bytes in 0 blocks
==30110==      possibly lost: 0 bytes in 0 blocks
==30110==    still reachable: 134,370 bytes in 195 blocks
==30110==         suppressed: 0 bytes in 0 blocks
==30110== Reachable blocks (those to which a pointer was found) are not shown.
==30110== To see them, rerun with: --leak-check=full --show-leak-kinds=all
==30110== 
==30110== For counts of detected and suppressed errors, rerun with: -v
==30110== ERROR SUMMARY: 0 errors from 0 contexts (suppressed: 0 from 0)
==== Test 36: unset HOME ====
==30148== Memcheck, a memory error detector
==30148== Copyright (C) 2002-2017, and GNU GPL'd, by Julian Seward et al.
==30148== Using Valgrind-3.13.0 and LibVEX; rerun with -h for copyright info
==30148== Command: ../minishell
==30148== Parent PID: 30146
==30148== 
==30148== 
==30148== HEAP SUMMARY:
==30148==     in use at exit: 134,361 bytes in 195 blocks
==30148==   total heap usage: 470 allocs, 275 frees, 165,743 bytes allocated
==30148== 
==30148== LEAK SUMMARY:
==30148==    definitely lost: 0 bytes in 0 blocks
==30148==    indirectly lost: 0 bytes in 0 blocks
==30148==      possibly lost: 0 bytes in 0 blocks
==30148==    still reachable: 134,361 bytes in 195 blocks
==30148==         suppressed: 0 bytes in 0 blocks
==30148== Reachable blocks (those to which a pointer was found) are not shown.
==30148== To see them, rerun with: --leak-check=full --show-leak-kinds=all
==30148== 
==30148== For counts of detected and suppressed errors, rerun with: -v
==30148== ERROR SUMMARY: 0 errors from 0 contexts (suppressed: 0 from 0)
==== Test 37: unset PATH ====
==30201== Memcheck, a memory error detector
==30201== Copyright (C) 2002-2017, and GNU GPL'd, by Julian Seward et al.
==30201== Using Valgrind-3.13.0 and LibVEX; rerun with -h for copyright info
==30201== Command: ../minishell
==30201== Parent PID: 30199
==30201== 
==30201== 
==30201== HEAP SUMMARY:
==30201==     in use at exit: 134,361 bytes in 195 blocks
==30201==   total heap usage: 470 allocs, 275 frees, 165,610 bytes allocated
==30201== 
==30201== LEAK SUMMARY:
==30201==    definitely lost: 0 bytes in 0 blocks
==30201==    indirectly lost: 0 bytes in 0 blocks
==30201==      possibly lost: 0 bytes in 0 blocks
==30201==    still reachable: 134,361 bytes in 195 blocks
==30201==         suppressed: 0 bytes in 0 blocks
==30201== Reachable blocks (those to which a pointer was found) are not shown.
==30201== To see them, rerun with: --leak-check=full --show-leak-kinds=all
==30201== 
==30201== For counts of detected and suppressed errors, rerun with: -v
==30201== ERROR SUMMARY: 0 errors from 0 contexts (suppressed: 0 from 0)
==== Test 38: unset SHELL ====
==30249== Memcheck, a memory error detector
==30249== Copyright (C) 2002-2017, and GNU GPL'd, by Julian Seward et al.
==30249== Using Valgrind-3.13.0 and LibVEX; rerun with -h for copyright info
==30249== Command: ../minishell
==30249== Parent PID: 30247
==30249== 
==30249== 
==30249== HEAP SUMMARY:
==30249==     in use at exit: 134,362 bytes in 195 blocks
==30249==   total heap usage: 471 allocs, 276 frees, 165,757 bytes allocated
==30249== 
==30249== LEAK SUMMARY:
==30249==    definitely lost: 0 bytes in 0 blocks
==30249==    indirectly lost: 0 bytes in 0 blocks
==30249==      possibly lost: 0 bytes in 0 blocks
==30249==    still reachable: 134,362 bytes in 195 blocks
==30249==         suppressed: 0 bytes in 0 blocks
==30249== Reachable blocks (those to which a pointer was found) are not shown.
==30249== To see them, rerun with: --leak-check=full --show-leak-kinds=all
==30249== 
==30249== For counts of detected and suppressed errors, rerun with: -v
==30249== ERROR SUMMARY: 0 errors from 0 contexts (suppressed: 0 from 0)
==== Test 39: cd $PWD ====
==30287== Memcheck, a memory error detector
==30287== Copyright (C) 2002-2017, and GNU GPL'd, by Julian Seward et al.
==30287== Using Valgrind-3.13.0 and LibVEX; rerun with -h for copyright info
==30287== Command: ../minishell
==30287== Parent PID: 30285
==30287== 
==30287== 
==30287== HEAP SUMMARY:
==30287==     in use at exit: 134,358 bytes in 195 blocks
==30287==   total heap usage: 918 allocs, 723 frees, 174,539 bytes allocated
==30287== 
==30287== LEAK SUMMARY:
==30287==    definitely lost: 0 bytes in 0 blocks
==30287==    indirectly lost: 0 bytes in 0 blocks
==30287==      possibly lost: 0 bytes in 0 blocks
==30287==    still reachable: 134,358 bytes in 195 blocks
==30287==         suppressed: 0 bytes in 0 blocks
==30287== Reachable blocks (those to which a pointer was found) are not shown.
==30287== To see them, rerun with: --leak-check=full --show-leak-kinds=all
==30287== 
==30287== For counts of detected and suppressed errors, rerun with: -v
==30287== ERROR SUMMARY: 0 errors from 0 contexts (suppressed: 0 from 0)
==== Test 40: cd $PWD hi ====
==30328== Memcheck, a memory error detector
==30328== Copyright (C) 2002-2017, and GNU GPL'd, by Julian Seward et al.
==30328== Using Valgrind-3.13.0 and LibVEX; rerun with -h for copyright info
==30328== Command: ../minishell
==30328== Parent PID: 30326
==30328== 
==30328== 
==30328== HEAP SUMMARY:
==30328==     in use at exit: 134,361 bytes in 195 blocks
==30328==   total heap usage: 922 allocs, 727 frees, 170,392 bytes allocated
==30328== 
==30328== LEAK SUMMARY:
==30328==    definitely lost: 0 bytes in 0 blocks
==30328==    indirectly lost: 0 bytes in 0 blocks
==30328==      possibly lost: 0 bytes in 0 blocks
==30328==    still reachable: 134,361 bytes in 195 blocks
==30328==         suppressed: 0 bytes in 0 blocks
==30328== Reachable blocks (those to which a pointer was found) are not shown.
==30328== To see them, rerun with: --leak-check=full --show-leak-kinds=all
==30328== 
==30328== For counts of detected and suppressed errors, rerun with: -v
==30328== ERROR SUMMARY: 0 errors from 0 contexts (suppressed: 0 from 0)
==== Test 41: cd 123123 ====
==30366== Memcheck, a memory error detector
==30366== Copyright (C) 2002-2017, and GNU GPL'd, by Julian Seward et al.
==30366== Using Valgrind-3.13.0 and LibVEX; rerun with -h for copyright info
==30366== Command: ../minishell
==30366== Parent PID: 30364
==30366== 
==30366== 
==30366== HEAP SUMMARY:
==30366==     in use at exit: 134,360 bytes in 195 blocks
==30366==   total heap usage: 404 allocs, 209 frees, 161,564 bytes allocated
==30366== 
==30366== LEAK SUMMARY:
==30366==    definitely lost: 0 bytes in 0 blocks
==30366==    indirectly lost: 0 bytes in 0 blocks
==30366==      possibly lost: 0 bytes in 0 blocks
==30366==    still reachable: 134,360 bytes in 195 blocks
==30366==         suppressed: 0 bytes in 0 blocks
==30366== Reachable blocks (those to which a pointer was found) are not shown.
==30366== To see them, rerun with: --leak-check=full --show-leak-kinds=all
==30366== 
==30366== For counts of detected and suppressed errors, rerun with: -v
==30366== ERROR SUMMARY: 0 errors from 0 contexts (suppressed: 0 from 0)
==== Test 42: exit 123 ====
==30419== Memcheck, a memory error detector
==30419== Copyright (C) 2002-2017, and GNU GPL'd, by Julian Seward et al.
==30419== Using Valgrind-3.13.0 and LibVEX; rerun with -h for copyright info
==30419== Command: ../minishell
==30419== Parent PID: 30417
==30419== 
==30419== 
==30419== HEAP SUMMARY:
==30419==     in use at exit: 134,392 bytes in 198 blocks
==30419==   total heap usage: 401 allocs, 203 frees, 161,502 bytes allocated
==30419== 
==30419== LEAK SUMMARY:
==30419==    definitely lost: 0 bytes in 0 blocks
==30419==    indirectly lost: 0 bytes in 0 blocks
==30419==      possibly lost: 0 bytes in 0 blocks
==30419==    still reachable: 134,392 bytes in 198 blocks
==30419==         suppressed: 0 bytes in 0 blocks
==30419== Reachable blocks (those to which a pointer was found) are not shown.
==30419== To see them, rerun with: --leak-check=full --show-leak-kinds=all
==30419== 
==30419== For counts of detected and suppressed errors, rerun with: -v
==30419== ERROR SUMMARY: 0 errors from 0 contexts (suppressed: 0 from 0)
==== Test 43: exit 298 ====
==30467== Memcheck, a memory error detector
==30467== Copyright (C) 2002-2017, and GNU GPL'd, by Julian Seward et al.
==30467== Using Valgrind-3.13.0 and LibVEX; rerun with -h for copyright info
==30467== Command: ../minishell
==30467== Parent PID: 30465
==30467== 
==30467== 
==30467== HEAP SUMMARY:
==30467==     in use at exit: 134,392 bytes in 198 blocks
==30467==   total heap usage: 401 allocs, 203 frees, 161,502 bytes allocated
==30467== 
==30467== LEAK SUMMARY:
==30467==    definitely lost: 0 bytes in 0 blocks
==30467==    indirectly lost: 0 bytes in 0 blocks
==30467==      possibly lost: 0 bytes in 0 blocks
==30467==    still reachable: 134,392 bytes in 198 blocks
==30467==         suppressed: 0 bytes in 0 blocks
==30467== Reachable blocks (those to which a pointer was found) are not shown.
==30467== To see them, rerun with: --leak-check=full --show-leak-kinds=all
==30467== 
==30467== For counts of detected and suppressed errors, rerun with: -v
==30467== ERROR SUMMARY: 0 errors from 0 contexts (suppressed: 0 from 0)
==== Test 44: exit +100 ====
==30505== Memcheck, a memory error detector
==30505== Copyright (C) 2002-2017, and GNU GPL'd, by Julian Seward et al.
==30505== Using Valgrind-3.13.0 and LibVEX; rerun with -h for copyright info
==30505== Command: ../minishell
==30505== Parent PID: 30503
==30505== 
==30505== 
==30505== HEAP SUMMARY:
==30505==     in use at exit: 134,394 bytes in 198 blocks
==30505==   total heap usage: 402 allocs, 204 frees, 161,514 bytes allocated
==30505== 
==30505== LEAK SUMMARY:
==30505==    definitely lost: 0 bytes in 0 blocks
==30505==    indirectly lost: 0 bytes in 0 blocks
==30505==      possibly lost: 0 bytes in 0 blocks
==30505==    still reachable: 134,394 bytes in 198 blocks
==30505==         suppressed: 0 bytes in 0 blocks
==30505== Reachable blocks (those to which a pointer was found) are not shown.
==30505== To see them, rerun with: --leak-check=full --show-leak-kinds=all
==30505== 
==30505== For counts of detected and suppressed errors, rerun with: -v
==30505== ERROR SUMMARY: 0 errors from 0 contexts (suppressed: 0 from 0)
==== Test 45: exit "+100" ====
==30543== Memcheck, a memory error detector
==30543== Copyright (C) 2002-2017, and GNU GPL'd, by Julian Seward et al.
==30543== Using Valgrind-3.13.0 and LibVEX; rerun with -h for copyright info
==30543== Command: ../minishell
==30543== Parent PID: 30541
==30543== 
==30543== 
==30543== HEAP SUMMARY:
==30543==     in use at exit: 134,396 bytes in 198 blocks
==30543==   total heap usage: 409 allocs, 211 frees, 161,554 bytes allocated
==30543== 
==30543== LEAK SUMMARY:
==30543==    definitely lost: 0 bytes in 0 blocks
==30543==    indirectly lost: 0 bytes in 0 blocks
==30543==      possibly lost: 0 bytes in 0 blocks
==30543==    still reachable: 134,396 bytes in 198 blocks
==30543==         suppressed: 0 bytes in 0 blocks
==30543== Reachable blocks (those to which a pointer was found) are not shown.
==30543== To see them, rerun with: --leak-check=full --show-leak-kinds=all
==30543== 
==30543== For counts of detected and suppressed errors, rerun with: -v
==30543== ERROR SUMMARY: 0 errors from 0 contexts (suppressed: 0 from 0)
==== Test 46: exit +"100" ====
==30584== Memcheck, a memory error detector
==30584== Copyright (C) 2002-2017, and GNU GPL'd, by Julian Seward et al.
==30584== Using Valgrind-3.13.0 and LibVEX; rerun with -h for copyright info
==30584== Command: ../minishell
==30584== Parent PID: 30582
==30584== 
==30584== 
==30584== HEAP SUMMARY:
==30584==     in use at exit: 134,396 bytes in 198 blocks
==30584==   total heap usage: 409 allocs, 211 frees, 161,554 bytes allocated
==30584== 
==30584== LEAK SUMMARY:
==30584==    definitely lost: 0 bytes in 0 blocks
==30584==    indirectly lost: 0 bytes in 0 blocks
==30584==      possibly lost: 0 bytes in 0 blocks
==30584==    still reachable: 134,396 bytes in 198 blocks
==30584==         suppressed: 0 bytes in 0 blocks
==30584== Reachable blocks (those to which a pointer was found) are not shown.
==30584== To see them, rerun with: --leak-check=full --show-leak-kinds=all
==30584== 
==30584== For counts of detected and suppressed errors, rerun with: -v
==30584== ERROR SUMMARY: 0 errors from 0 contexts (suppressed: 0 from 0)
==== Test 47: exit -100 ====
==30622== Memcheck, a memory error detector
==30622== Copyright (C) 2002-2017, and GNU GPL'd, by Julian Seward et al.
==30622== Using Valgrind-3.13.0 and LibVEX; rerun with -h for copyright info
==30622== Command: ../minishell
==30622== Parent PID: 30620
==30622== 
==30622== 
==30622== HEAP SUMMARY:
==30622==     in use at exit: 134,394 bytes in 198 blocks
==30622==   total heap usage: 402 allocs, 204 frees, 161,514 bytes allocated
==30622== 
==30622== LEAK SUMMARY:
==30622==    definitely lost: 0 bytes in 0 blocks
==30622==    indirectly lost: 0 bytes in 0 blocks
==30622==      possibly lost: 0 bytes in 0 blocks
==30622==    still reachable: 134,394 bytes in 198 blocks
==30622==         suppressed: 0 bytes in 0 blocks
==30622== Reachable blocks (those to which a pointer was found) are not shown.
==30622== To see them, rerun with: --leak-check=full --show-leak-kinds=all
==30622== 
==30622== For counts of detected and suppressed errors, rerun with: -v
==30622== ERROR SUMMARY: 0 errors from 0 contexts (suppressed: 0 from 0)
==== Test 48: exit "-100" ====
==30675== Memcheck, a memory error detector
==30675== Copyright (C) 2002-2017, and GNU GPL'd, by Julian Seward et al.
==30675== Using Valgrind-3.13.0 and LibVEX; rerun with -h for copyright info
==30675== Command: ../minishell
==30675== Parent PID: 30673
==30675== 
==30675== 
==30675== HEAP SUMMARY:
==30675==     in use at exit: 134,396 bytes in 198 blocks
==30675==   total heap usage: 409 allocs, 211 frees, 161,554 bytes allocated
==30675== 
==30675== LEAK SUMMARY:
==30675==    definitely lost: 0 bytes in 0 blocks
==30675==    indirectly lost: 0 bytes in 0 blocks
==30675==      possibly lost: 0 bytes in 0 blocks
==30675==    still reachable: 134,396 bytes in 198 blocks
==30675==         suppressed: 0 bytes in 0 blocks
==30675== Reachable blocks (those to which a pointer was found) are not shown.
==30675== To see them, rerun with: --leak-check=full --show-leak-kinds=all
==30675== 
==30675== For counts of detected and suppressed errors, rerun with: -v
==30675== ERROR SUMMARY: 0 errors from 0 contexts (suppressed: 0 from 0)
==== Test 49: exit -"100" ====
==30723== Memcheck, a memory error detector
==30723== Copyright (C) 2002-2017, and GNU GPL'd, by Julian Seward et al.
==30723== Using Valgrind-3.13.0 and LibVEX; rerun with -h for copyright info
==30723== Command: ../minishell
==30723== Parent PID: 30721
==30723== 
==30723== 
==30723== HEAP SUMMARY:
==30723==     in use at exit: 134,396 bytes in 198 blocks
==30723==   total heap usage: 409 allocs, 211 frees, 161,554 bytes allocated
==30723== 
==30723== LEAK SUMMARY:
==30723==    definitely lost: 0 bytes in 0 blocks
==30723==    indirectly lost: 0 bytes in 0 blocks
==30723==      possibly lost: 0 bytes in 0 blocks
==30723==    still reachable: 134,396 bytes in 198 blocks
==30723==         suppressed: 0 bytes in 0 blocks
==30723== Reachable blocks (those to which a pointer was found) are not shown.
==30723== To see them, rerun with: --leak-check=full --show-leak-kinds=all
==30723== 
==30723== For counts of detected and suppressed errors, rerun with: -v
==30723== ERROR SUMMARY: 0 errors from 0 contexts (suppressed: 0 from 0)
==== Test 50: exit hello ====
==30761== Memcheck, a memory error detector
==30761== Copyright (C) 2002-2017, and GNU GPL'd, by Julian Seward et al.
==30761== Using Valgrind-3.13.0 and LibVEX; rerun with -h for copyright info
==30761== Command: ../minishell
==30761== Parent PID: 30759
==30761== 
==30761== 
==30761== HEAP SUMMARY:
==30761==     in use at exit: 134,396 bytes in 198 blocks
==30761==   total heap usage: 403 allocs, 205 frees, 161,527 bytes allocated
==30761== 
==30761== LEAK SUMMARY:
==30761==    definitely lost: 0 bytes in 0 blocks
==30761==    indirectly lost: 0 bytes in 0 blocks
==30761==      possibly lost: 0 bytes in 0 blocks
==30761==    still reachable: 134,396 bytes in 198 blocks
==30761==         suppressed: 0 bytes in 0 blocks
==30761== Reachable blocks (those to which a pointer was found) are not shown.
==30761== To see them, rerun with: --leak-check=full --show-leak-kinds=all
==30761== 
==30761== For counts of detected and suppressed errors, rerun with: -v
==30761== ERROR SUMMARY: 0 errors from 0 contexts (suppressed: 0 from 0)
==== Test 51: exit 42 world ====
==30799== Memcheck, a memory error detector
==30799== Copyright (C) 2002-2017, and GNU GPL'd, by Julian Seward et al.
==30799== Using Valgrind-3.13.0 and LibVEX; rerun with -h for copyright info
==30799== Command: ../minishell
==30799== Parent PID: 30797
==30799== 
==30799== 
==30799== HEAP SUMMARY:
==30799==     in use at exit: 134,364 bytes in 195 blocks
==30799==   total heap usage: 412 allocs, 217 frees, 161,632 bytes allocated
==30799== 
==30799== LEAK SUMMARY:
==30799==    definitely lost: 0 bytes in 0 blocks
==30799==    indirectly lost: 0 bytes in 0 blocks
==30799==      possibly lost: 0 bytes in 0 blocks
==30799==    still reachable: 134,364 bytes in 195 blocks
==30799==         suppressed: 0 bytes in 0 blocks
==30799== Reachable blocks (those to which a pointer was found) are not shown.
==30799== To see them, rerun with: --leak-check=full --show-leak-kinds=all
==30799== 
==30799== For counts of detected and suppressed errors, rerun with: -v
==30799== ERROR SUMMARY: 0 errors from 0 contexts (suppressed: 0 from 0)
==== Test 52:  ====
==30837== Memcheck, a memory error detector
==30837== Copyright (C) 2002-2017, and GNU GPL'd, by Julian Seward et al.
==30837== Using Valgrind-3.13.0 and LibVEX; rerun with -h for copyright info
==30837== Command: ../minishell
==30837== Parent PID: 30835
==30837== 
==30837== 
==30837== HEAP SUMMARY:
==30837==     in use at exit: 130,298 bytes in 191 blocks
==30837==   total heap usage: 374 allocs, 183 frees, 157,263 bytes allocated
==30837== 
==30837== LEAK SUMMARY:
==30837==    definitely lost: 0 bytes in 0 blocks
==30837==    indirectly lost: 0 bytes in 0 blocks
==30837==      possibly lost: 0 bytes in 0 blocks
==30837==    still reachable: 130,298 bytes in 191 blocks
==30837==         suppressed: 0 bytes in 0 blocks
==30837== Reachable blocks (those to which a pointer was found) are not shown.
==30837== To see them, rerun with: --leak-check=full --show-leak-kinds=all
==30837== 
==30837== For counts of detected and suppressed errors, rerun with: -v
==30837== ERROR SUMMARY: 0 errors from 0 contexts (suppressed: 0 from 0)
==== Test 53: env | sort | grep -v SHLVL | grep -v ^_ ====
==30875== Memcheck, a memory error detector
==30875== Copyright (C) 2002-2017, and GNU GPL'd, by Julian Seward et al.
==30875== Using Valgrind-3.13.0 and LibVEX; rerun with -h for copyright info
==30875== Command: ../minishell
==30875== Parent PID: 30873
==30875== 
==30894== 
==30894== HEAP SUMMARY:
==30894==     in use at exit: 138,860 bytes in 269 blocks
==30894==   total heap usage: 404 allocs, 135 frees, 161,657 bytes allocated
==30894== 
==30894== LEAK SUMMARY:
==30894==    definitely lost: 0 bytes in 0 blocks
==30894==    indirectly lost: 0 bytes in 0 blocks
==30894==      possibly lost: 0 bytes in 0 blocks
==30894==    still reachable: 138,860 bytes in 269 blocks
==30894==         suppressed: 0 bytes in 0 blocks
==30894== Reachable blocks (those to which a pointer was found) are not shown.
==30894== To see them, rerun with: --leak-check=full --show-leak-kinds=all
==30894== 
==30894== For counts of detected and suppressed errors, rerun with: -v
==30894== ERROR SUMMARY: 0 errors from 0 contexts (suppressed: 0 from 0)
==30875== 
==30875== HEAP SUMMARY:
==30875==     in use at exit: 134,390 bytes in 195 blocks
==30875==   total heap usage: 394 allocs, 199 frees, 161,624 bytes allocated
==30875== 
==30875== LEAK SUMMARY:
==30875==    definitely lost: 0 bytes in 0 blocks
==30875==    indirectly lost: 0 bytes in 0 blocks
==30875==      possibly lost: 0 bytes in 0 blocks
==30875==    still reachable: 134,390 bytes in 195 blocks
==30875==         suppressed: 0 bytes in 0 blocks
==30875== Reachable blocks (those to which a pointer was found) are not shown.
==30875== To see them, rerun with: --leak-check=full --show-leak-kinds=all
==30875== 
==30875== For counts of detected and suppressed errors, rerun with: -v
==30875== ERROR SUMMARY: 0 errors from 0 contexts (suppressed: 0 from 0)
==== Test 54: cat ./test_files/infile_big | grep oi ====
==30948== Memcheck, a memory error detector
==30948== Copyright (C) 2002-2017, and GNU GPL'd, by Julian Seward et al.
==30948== Using Valgrind-3.13.0 and LibVEX; rerun with -h for copyright info
==30948== Command: ../minishell
==30948== Parent PID: 30946
==30948== 
==30948== 
==30948== HEAP SUMMARY:
==30948==     in use at exit: 134,388 bytes in 195 blocks
==30948==   total heap usage: 388 allocs, 193 frees, 161,556 bytes allocated
==30948== 
==30948== LEAK SUMMARY:
==30948==    definitely lost: 0 bytes in 0 blocks
==30948==    indirectly lost: 0 bytes in 0 blocks
==30948==      possibly lost: 0 bytes in 0 blocks
==30948==    still reachable: 134,388 bytes in 195 blocks
==30948==         suppressed: 0 bytes in 0 blocks
==30948== Reachable blocks (those to which a pointer was found) are not shown.
==30948== To see them, rerun with: --leak-check=full --show-leak-kinds=all
==30948== 
==30948== For counts of detected and suppressed errors, rerun with: -v
==30948== ERROR SUMMARY: 0 errors from 0 contexts (suppressed: 0 from 0)
==== Test 55: cat minishell.h | grep ");"$ ====
==31006== Memcheck, a memory error detector
==31006== Copyright (C) 2002-2017, and GNU GPL'd, by Julian Seward et al.
==31006== Using Valgrind-3.13.0 and LibVEX; rerun with -h for copyright info
==31006== Command: ../minishell
==31006== Parent PID: 31004
==31006== 
==31006== 
==31006== HEAP SUMMARY:
==31006==     in use at exit: 134,379 bytes in 195 blocks
==31006==   total heap usage: 388 allocs, 193 frees, 161,529 bytes allocated
==31006== 
==31006== LEAK SUMMARY:
==31006==    definitely lost: 0 bytes in 0 blocks
==31006==    indirectly lost: 0 bytes in 0 blocks
==31006==      possibly lost: 0 bytes in 0 blocks
==31006==    still reachable: 134,379 bytes in 195 blocks
==31006==         suppressed: 0 bytes in 0 blocks
==31006== Reachable blocks (those to which a pointer was found) are not shown.
==31006== To see them, rerun with: --leak-check=full --show-leak-kinds=all
==31006== 
==31006== For counts of detected and suppressed errors, rerun with: -v
==31006== ERROR SUMMARY: 0 errors from 0 contexts (suppressed: 0 from 0)
==== Test 56: export GHOST=123 | env | grep GHOST ====
==31054== Memcheck, a memory error detector
==31054== Copyright (C) 2002-2017, and GNU GPL'd, by Julian Seward et al.
==31054== Using Valgrind-3.13.0 and LibVEX; rerun with -h for copyright info
==31054== Command: ../minishell
==31054== Parent PID: 31052
==31054== 
==31058== 
==31058== HEAP SUMMARY:
==31058==     in use at exit: 138,839 bytes in 269 blocks
==31058==   total heap usage: 421 allocs, 152 frees, 162,344 bytes allocated
==31058== 
==31058== LEAK SUMMARY:
==31058==    definitely lost: 0 bytes in 0 blocks
==31058==    indirectly lost: 0 bytes in 0 blocks
==31058==      possibly lost: 0 bytes in 0 blocks
==31058==    still reachable: 138,839 bytes in 269 blocks
==31058==         suppressed: 0 bytes in 0 blocks
==31058== Reachable blocks (those to which a pointer was found) are not shown.
==31058== To see them, rerun with: --leak-check=full --show-leak-kinds=all
==31058== 
==31058== For counts of detected and suppressed errors, rerun with: -v
==31058== ERROR SUMMARY: 0 errors from 0 contexts (suppressed: 0 from 0)
==31059== 
==31059== HEAP SUMMARY:
==31059==     in use at exit: 138,821 bytes in 268 blocks
==31059==   total heap usage: 401 allocs, 133 frees, 161,614 bytes allocated
==31059== 
==31059== LEAK SUMMARY:
==31059==    definitely lost: 0 bytes in 0 blocks
==31059==    indirectly lost: 0 bytes in 0 blocks
==31059==      possibly lost: 0 bytes in 0 blocks
==31059==    still reachable: 138,821 bytes in 268 blocks
==31059==         suppressed: 0 bytes in 0 blocks
==31059== Reachable blocks (those to which a pointer was found) are not shown.
==31059== To see them, rerun with: --leak-check=full --show-leak-kinds=all
==31059== 
==31059== For counts of detected and suppressed errors, rerun with: -v
==31059== ERROR SUMMARY: 0 errors from 0 contexts (suppressed: 0 from 0)
==31054== 
==31054== HEAP SUMMARY:
==31054==     in use at exit: 134,386 bytes in 195 blocks
==31054==   total heap usage: 391 allocs, 196 frees, 161,581 bytes allocated
==31054== 
==31054== LEAK SUMMARY:
==31054==    definitely lost: 0 bytes in 0 blocks
==31054==    indirectly lost: 0 bytes in 0 blocks
==31054==      possibly lost: 0 bytes in 0 blocks
==31054==    still reachable: 134,386 bytes in 195 blocks
==31054==         suppressed: 0 bytes in 0 blocks
==31054== Reachable blocks (those to which a pointer was found) are not shown.
==31054== To see them, rerun with: --leak-check=full --show-leak-kinds=all
==31054== 
==31054== For counts of detected and suppressed errors, rerun with: -v
==31054== ERROR SUMMARY: 0 errors from 0 contexts (suppressed: 0 from 0)
==== Test 57: grep hi <./test_files/infile ====
==31107== Memcheck, a memory error detector
==31107== Copyright (C) 2002-2017, and GNU GPL'd, by Julian Seward et al.
==31107== Using Valgrind-3.13.0 and LibVEX; rerun with -h for copyright info
==31107== Command: ../minishell
==31107== Parent PID: 31105
==31107== 
==31107== 
==31107== HEAP SUMMARY:
==31107==     in use at exit: 134,379 bytes in 195 blocks
==31107==   total heap usage: 403 allocs, 208 frees, 161,633 bytes allocated
==31107== 
==31107== LEAK SUMMARY:
==31107==    definitely lost: 0 bytes in 0 blocks
==31107==    indirectly lost: 0 bytes in 0 blocks
==31107==      possibly lost: 0 bytes in 0 blocks
==31107==    still reachable: 134,379 bytes in 195 blocks
==31107==         suppressed: 0 bytes in 0 blocks
==31107== Reachable blocks (those to which a pointer was found) are not shown.
==31107== To see them, rerun with: --leak-check=full --show-leak-kinds=all
==31107== 
==31107== For counts of detected and suppressed errors, rerun with: -v
==31107== ERROR SUMMARY: 0 errors from 0 contexts (suppressed: 0 from 0)
==== Test 58: grep hi "<infile" <         ./test_files/infile ====
==31150== Memcheck, a memory error detector
==31150== Copyright (C) 2002-2017, and GNU GPL'd, by Julian Seward et al.
==31150== Using Valgrind-3.13.0 and LibVEX; rerun with -h for copyright info
==31150== Command: ../minishell
==31150== Parent PID: 31148
==31150== 
==31150== 
==31150== HEAP SUMMARY:
==31150==     in use at exit: 134,398 bytes in 195 blocks
==31150==   total heap usage: 426 allocs, 231 frees, 161,883 bytes allocated
==31150== 
==31150== LEAK SUMMARY:
==31150==    definitely lost: 0 bytes in 0 blocks
==31150==    indirectly lost: 0 bytes in 0 blocks
==31150==      possibly lost: 0 bytes in 0 blocks
==31150==    still reachable: 134,398 bytes in 195 blocks
==31150==         suppressed: 0 bytes in 0 blocks
==31150== Reachable blocks (those to which a pointer was found) are not shown.
==31150== To see them, rerun with: --leak-check=full --show-leak-kinds=all
==31150== 
==31150== For counts of detected and suppressed errors, rerun with: -v
==31150== ERROR SUMMARY: 0 errors from 0 contexts (suppressed: 0 from 0)
==== Test 59: echo hi < ./test_files/infile bye bye ====
==31208== Memcheck, a memory error detector
==31208== Copyright (C) 2002-2017, and GNU GPL'd, by Julian Seward et al.
==31208== Using Valgrind-3.13.0 and LibVEX; rerun with -h for copyright info
==31208== Command: ../minishell
==31208== Parent PID: 31206
==31208== 
==31208== 
==31208== HEAP SUMMARY:
==31208==     in use at exit: 134,388 bytes in 195 blocks
==31208==   total heap usage: 443 allocs, 248 frees, 162,062 bytes allocated
==31208== 
==31208== LEAK SUMMARY:
==31208==    definitely lost: 0 bytes in 0 blocks
==31208==    indirectly lost: 0 bytes in 0 blocks
==31208==      possibly lost: 0 bytes in 0 blocks
==31208==    still reachable: 134,388 bytes in 195 blocks
==31208==         suppressed: 0 bytes in 0 blocks
==31208== Reachable blocks (those to which a pointer was found) are not shown.
==31208== To see them, rerun with: --leak-check=full --show-leak-kinds=all
==31208== 
==31208== For counts of detected and suppressed errors, rerun with: -v
==31208== ERROR SUMMARY: 0 errors from 0 contexts (suppressed: 0 from 0)
==== Test 60: grep hi <./test_files/infile_big <./test_files/infile ====
==31256== Memcheck, a memory error detector
==31256== Copyright (C) 2002-2017, and GNU GPL'd, by Julian Seward et al.
==31256== Using Valgrind-3.13.0 and LibVEX; rerun with -h for copyright info
==31256== Command: ../minishell
==31256== Parent PID: 31254
==31256== 
==31256== 
==31256== HEAP SUMMARY:
==31256==     in use at exit: 134,404 bytes in 195 blocks
==31256==   total heap usage: 404 allocs, 209 frees, 161,741 bytes allocated
==31256== 
==31256== LEAK SUMMARY:
==31256==    definitely lost: 0 bytes in 0 blocks
==31256==    indirectly lost: 0 bytes in 0 blocks
==31256==      possibly lost: 0 bytes in 0 blocks
==31256==    still reachable: 134,404 bytes in 195 blocks
==31256==         suppressed: 0 bytes in 0 blocks
==31256== Reachable blocks (those to which a pointer was found) are not shown.
==31256== To see them, rerun with: --leak-check=full --show-leak-kinds=all
==31256== 
==31256== For counts of detected and suppressed errors, rerun with: -v
==31256== ERROR SUMMARY: 0 errors from 0 contexts (suppressed: 0 from 0)
==== Test 61: echo <"./test_files/infile" "bonjour       42" ====
==31299== Memcheck, a memory error detector
==31299== Copyright (C) 2002-2017, and GNU GPL'd, by Julian Seward et al.
==31299== Using Valgrind-3.13.0 and LibVEX; rerun with -h for copyright info
==31299== Command: ../minishell
==31299== Parent PID: 31297
==31299== 
==31299== 
==31299== HEAP SUMMARY:
==31299==     in use at exit: 134,397 bytes in 195 blocks
==31299==   total heap usage: 483 allocs, 288 frees, 162,661 bytes allocated
==31299== 
==31299== LEAK SUMMARY:
==31299==    definitely lost: 0 bytes in 0 blocks
==31299==    indirectly lost: 0 bytes in 0 blocks
==31299==      possibly lost: 0 bytes in 0 blocks
==31299==    still reachable: 134,397 bytes in 195 blocks
==31299==         suppressed: 0 bytes in 0 blocks
==31299== Reachable blocks (those to which a pointer was found) are not shown.
==31299== To see them, rerun with: --leak-check=full --show-leak-kinds=all
==31299== 
==31299== For counts of detected and suppressed errors, rerun with: -v
==31299== ERROR SUMMARY: 0 errors from 0 contexts (suppressed: 0 from 0)
==== Test 62: cat <"./test_files/file name with spaces" ====
==31337== Memcheck, a memory error detector
==31337== Copyright (C) 2002-2017, and GNU GPL'd, by Julian Seward et al.
==31337== Using Valgrind-3.13.0 and LibVEX; rerun with -h for copyright info
==31337== Command: ../minishell
==31337== Parent PID: 31335
==31337== 
==31337== 
==31337== HEAP SUMMARY:
==31337==     in use at exit: 134,392 bytes in 195 blocks
==31337==   total heap usage: 396 allocs, 201 frees, 161,645 bytes allocated
==31337== 
==31337== LEAK SUMMARY:
==31337==    definitely lost: 0 bytes in 0 blocks
==31337==    indirectly lost: 0 bytes in 0 blocks
==31337==      possibly lost: 0 bytes in 0 blocks
==31337==    still reachable: 134,392 bytes in 195 blocks
==31337==         suppressed: 0 bytes in 0 blocks
==31337== Reachable blocks (those to which a pointer was found) are not shown.
==31337== To see them, rerun with: --leak-check=full --show-leak-kinds=all
==31337== 
==31337== For counts of detected and suppressed errors, rerun with: -v
==31337== ERROR SUMMARY: 0 errors from 0 contexts (suppressed: 0 from 0)
==== Test 63: cat <./test_files/infile_big ./test_files/infile ====
==31380== Memcheck, a memory error detector
==31380== Copyright (C) 2002-2017, and GNU GPL'd, by Julian Seward et al.
==31380== Using Valgrind-3.13.0 and LibVEX; rerun with -h for copyright info
==31380== Command: ../minishell
==31380== Parent PID: 31378
==31380== 
==31380== 
==31380== HEAP SUMMARY:
==31380==     in use at exit: 134,399 bytes in 195 blocks
==31380==   total heap usage: 420 allocs, 225 frees, 161,988 bytes allocated
==31380== 
==31380== LEAK SUMMARY:
==31380==    definitely lost: 0 bytes in 0 blocks
==31380==    indirectly lost: 0 bytes in 0 blocks
==31380==      possibly lost: 0 bytes in 0 blocks
==31380==    still reachable: 134,399 bytes in 195 blocks
==31380==         suppressed: 0 bytes in 0 blocks
==31380== Reachable blocks (those to which a pointer was found) are not shown.
==31380== To see them, rerun with: --leak-check=full --show-leak-kinds=all
==31380== 
==31380== For counts of detected and suppressed errors, rerun with: -v
==31380== ERROR SUMMARY: 0 errors from 0 contexts (suppressed: 0 from 0)
==== Test 64: cat <"1""2""3""4""5" ====
==31423== Memcheck, a memory error detector
==31423== Copyright (C) 2002-2017, and GNU GPL'd, by Julian Seward et al.
==31423== Using Valgrind-3.13.0 and LibVEX; rerun with -h for copyright info
==31423== Command: ../minishell
==31423== Parent PID: 31421
==31423== 
==31442== 
==31442== HEAP SUMMARY:
==31442==     in use at exit: 138,749 bytes in 267 blocks
==31442==   total heap usage: 418 allocs, 151 frees, 161,683 bytes allocated
==31442== 
==31442== LEAK SUMMARY:
==31442==    definitely lost: 0 bytes in 0 blocks
==31442==    indirectly lost: 0 bytes in 0 blocks
==31442==      possibly lost: 0 bytes in 0 blocks
==31442==    still reachable: 138,749 bytes in 267 blocks
==31442==         suppressed: 0 bytes in 0 blocks
==31442== Reachable blocks (those to which a pointer was found) are not shown.
==31442== To see them, rerun with: --leak-check=full --show-leak-kinds=all
==31442== 
==31442== For counts of detected and suppressed errors, rerun with: -v
==31442== ERROR SUMMARY: 0 errors from 0 contexts (suppressed: 0 from 0)
==31423== 
==31423== HEAP SUMMARY:
==31423==     in use at exit: 134,371 bytes in 195 blocks
==31423==   total heap usage: 394 allocs, 199 frees, 161,518 bytes allocated
==31423== 
==31423== LEAK SUMMARY:
==31423==    definitely lost: 0 bytes in 0 blocks
==31423==    indirectly lost: 0 bytes in 0 blocks
==31423==      possibly lost: 0 bytes in 0 blocks
==31423==    still reachable: 134,371 bytes in 195 blocks
==31423==         suppressed: 0 bytes in 0 blocks
==31423== Reachable blocks (those to which a pointer was found) are not shown.
==31423== To see them, rerun with: --leak-check=full --show-leak-kinds=all
==31423== 
==31423== For counts of detected and suppressed errors, rerun with: -v
==31423== ERROR SUMMARY: 0 errors from 0 contexts (suppressed: 0 from 0)
==== Test 65: echo <"./test_files/infile" <missing <"./test_files/infile" ====
==31481== Memcheck, a memory error detector
==31481== Copyright (C) 2002-2017, and GNU GPL'd, by Julian Seward et al.
==31481== Using Valgrind-3.13.0 and LibVEX; rerun with -h for copyright info
==31481== Command: ../minishell
==31481== Parent PID: 31479
==31481== 
==31481== 
==31481== HEAP SUMMARY:
==31481==     in use at exit: 134,410 bytes in 195 blocks
==31481==   total heap usage: 443 allocs, 248 frees, 162,253 bytes allocated
==31481== 
==31481== LEAK SUMMARY:
==31481==    definitely lost: 0 bytes in 0 blocks
==31481==    indirectly lost: 0 bytes in 0 blocks
==31481==      possibly lost: 0 bytes in 0 blocks
==31481==    still reachable: 134,410 bytes in 195 blocks
==31481==         suppressed: 0 bytes in 0 blocks
==31481== Reachable blocks (those to which a pointer was found) are not shown.
==31481== To see them, rerun with: --leak-check=full --show-leak-kinds=all
==31481== 
==31481== For counts of detected and suppressed errors, rerun with: -v
==31481== ERROR SUMMARY: 0 errors from 0 contexts (suppressed: 0 from 0)
==== Test 66: echo <missing <"./test_files/infile" <missing ====
==31529== Memcheck, a memory error detector
==31529== Copyright (C) 2002-2017, and GNU GPL'd, by Julian Seward et al.
==31529== Using Valgrind-3.13.0 and LibVEX; rerun with -h for copyright info
==31529== Command: ../minishell
==31529== Parent PID: 31527
==31529== 
==31529== 
==31529== HEAP SUMMARY:
==31529==     in use at exit: 134,396 bytes in 195 blocks
==31529==   total heap usage: 409 allocs, 214 frees, 161,744 bytes allocated
==31529== 
==31529== LEAK SUMMARY:
==31529==    definitely lost: 0 bytes in 0 blocks
==31529==    indirectly lost: 0 bytes in 0 blocks
==31529==      possibly lost: 0 bytes in 0 blocks
==31529==    still reachable: 134,396 bytes in 195 blocks
==31529==         suppressed: 0 bytes in 0 blocks
==31529== Reachable blocks (those to which a pointer was found) are not shown.
==31529== To see them, rerun with: --leak-check=full --show-leak-kinds=all
==31529== 
==31529== For counts of detected and suppressed errors, rerun with: -v
==31529== ERROR SUMMARY: 0 errors from 0 contexts (suppressed: 0 from 0)
==== Test 67: cat <"./test_files/infile" ====
==31567== Memcheck, a memory error detector
==31567== Copyright (C) 2002-2017, and GNU GPL'd, by Julian Seward et al.
==31567== Using Valgrind-3.13.0 and LibVEX; rerun with -h for copyright info
==31567== Command: ../minishell
==31567== Parent PID: 31565
==31567== 
==31567== 
==31567== HEAP SUMMARY:
==31567==     in use at exit: 134,377 bytes in 195 blocks
==31567==   total heap usage: 395 allocs, 200 frees, 161,568 bytes allocated
==31567== 
==31567== LEAK SUMMARY:
==31567==    definitely lost: 0 bytes in 0 blocks
==31567==    indirectly lost: 0 bytes in 0 blocks
==31567==      possibly lost: 0 bytes in 0 blocks
==31567==    still reachable: 134,377 bytes in 195 blocks
==31567==         suppressed: 0 bytes in 0 blocks
==31567== Reachable blocks (those to which a pointer was found) are not shown.
==31567== To see them, rerun with: --leak-check=full --show-leak-kinds=all
==31567== 
==31567== For counts of detected and suppressed errors, rerun with: -v
==31567== ERROR SUMMARY: 0 errors from 0 contexts (suppressed: 0 from 0)
==== Test 68: echo <"./test_files/infile_big" | cat <"./test_files/infile" ====
==31610== Memcheck, a memory error detector
==31610== Copyright (C) 2002-2017, and GNU GPL'd, by Julian Seward et al.
==31610== Using Valgrind-3.13.0 and LibVEX; rerun with -h for copyright info
==31610== Command: ../minishell
==31610== Parent PID: 31608
==31610== 
==31615== 
==31615== HEAP SUMMARY:
==31615==     in use at exit: 138,840 bytes in 267 blocks
==31615==   total heap usage: 454 allocs, 187 frees, 162,471 bytes allocated
==31615== 
==31615== LEAK SUMMARY:
==31615==    definitely lost: 0 bytes in 0 blocks
==31615==    indirectly lost: 0 bytes in 0 blocks
==31615==      possibly lost: 0 bytes in 0 blocks
==31615==    still reachable: 138,840 bytes in 267 blocks
==31615==         suppressed: 0 bytes in 0 blocks
==31615== Reachable blocks (those to which a pointer was found) are not shown.
==31615== To see them, rerun with: --leak-check=full --show-leak-kinds=all
==31615== 
==31615== For counts of detected and suppressed errors, rerun with: -v
==31615== ERROR SUMMARY: 0 errors from 0 contexts (suppressed: 0 from 0)
==31610== 
==31610== HEAP SUMMARY:
==31610==     in use at exit: 134,411 bytes in 195 blocks
==31610==   total heap usage: 389 allocs, 194 frees, 161,657 bytes allocated
==31610== 
==31610== LEAK SUMMARY:
==31610==    definitely lost: 0 bytes in 0 blocks
==31610==    indirectly lost: 0 bytes in 0 blocks
==31610==      possibly lost: 0 bytes in 0 blocks
==31610==    still reachable: 134,411 bytes in 195 blocks
==31610==         suppressed: 0 bytes in 0 blocks
==31610== Reachable blocks (those to which a pointer was found) are not shown.
==31610== To see them, rerun with: --leak-check=full --show-leak-kinds=all
==31610== 
==31610== For counts of detected and suppressed errors, rerun with: -v
==31610== ERROR SUMMARY: 0 errors from 0 contexts (suppressed: 0 from 0)
==== Test 69: echo <"./test_files/infile_big" | cat "./test_files/infile" ====
==31659== Memcheck, a memory error detector
==31659== Copyright (C) 2002-2017, and GNU GPL'd, by Julian Seward et al.
==31659== Using Valgrind-3.13.0 and LibVEX; rerun with -h for copyright info
==31659== Command: ../minishell
==31659== Parent PID: 31657
==31659== 
==31678== 
==31678== HEAP SUMMARY:
==31678==     in use at exit: 138,838 bytes in 267 blocks
==31678==   total heap usage: 454 allocs, 187 frees, 162,468 bytes allocated
==31678== 
==31678== LEAK SUMMARY:
==31678==    definitely lost: 0 bytes in 0 blocks
==31678==    indirectly lost: 0 bytes in 0 blocks
==31678==      possibly lost: 0 bytes in 0 blocks
==31678==    still reachable: 138,838 bytes in 267 blocks
==31678==         suppressed: 0 bytes in 0 blocks
==31678== Reachable blocks (those to which a pointer was found) are not shown.
==31678== To see them, rerun with: --leak-check=full --show-leak-kinds=all
==31678== 
==31678== For counts of detected and suppressed errors, rerun with: -v
==31678== ERROR SUMMARY: 0 errors from 0 contexts (suppressed: 0 from 0)
==31659== 
==31659== HEAP SUMMARY:
==31659==     in use at exit: 134,410 bytes in 195 blocks
==31659==   total heap usage: 389 allocs, 194 frees, 161,654 bytes allocated
==31659== 
==31659== LEAK SUMMARY:
==31659==    definitely lost: 0 bytes in 0 blocks
==31659==    indirectly lost: 0 bytes in 0 blocks
==31659==      possibly lost: 0 bytes in 0 blocks
==31659==    still reachable: 134,410 bytes in 195 blocks
==31659==         suppressed: 0 bytes in 0 blocks
==31659== Reachable blocks (those to which a pointer was found) are not shown.
==31659== To see them, rerun with: --leak-check=full --show-leak-kinds=all
==31659== 
==31659== For counts of detected and suppressed errors, rerun with: -v
==31659== ERROR SUMMARY: 0 errors from 0 contexts (suppressed: 0 from 0)
==== Test 70: echo <"./test_files/infile_big" | echo <"./test_files/infile" ====
==31722== Memcheck, a memory error detector
==31722== Copyright (C) 2002-2017, and GNU GPL'd, by Julian Seward et al.
==31722== Using Valgrind-3.13.0 and LibVEX; rerun with -h for copyright info
==31722== Command: ../minishell
==31722== Parent PID: 31720
==31722== 
==31736== 
==31736== HEAP SUMMARY:
==31736==     in use at exit: 138,842 bytes in 267 blocks
==31736==   total heap usage: 455 allocs, 188 frees, 162,506 bytes allocated
==31736== 
==31736== LEAK SUMMARY:
==31736==    definitely lost: 0 bytes in 0 blocks
==31736==    indirectly lost: 0 bytes in 0 blocks
==31736==      possibly lost: 0 bytes in 0 blocks
==31736==    still reachable: 138,842 bytes in 267 blocks
==31736==         suppressed: 0 bytes in 0 blocks
==31736== Reachable blocks (those to which a pointer was found) are not shown.
==31736== To see them, rerun with: --leak-check=full --show-leak-kinds=all
==31736== 
==31736== For counts of detected and suppressed errors, rerun with: -v
==31736== ERROR SUMMARY: 0 errors from 0 contexts (suppressed: 0 from 0)
==31737== 
==31737== HEAP SUMMARY:
==31737==     in use at exit: 138,842 bytes in 267 blocks
==31737==   total heap usage: 447 allocs, 180 frees, 162,302 bytes allocated
==31737== 
==31737== LEAK SUMMARY:
==31737==    definitely lost: 0 bytes in 0 blocks
==31737==    indirectly lost: 0 bytes in 0 blocks
==31737==      possibly lost: 0 bytes in 0 blocks
==31737==    still reachable: 138,842 bytes in 267 blocks
==31737==         suppressed: 0 bytes in 0 blocks
==31737== Reachable blocks (those to which a pointer was found) are not shown.
==31737== To see them, rerun with: --leak-check=full --show-leak-kinds=all
==31737== 
==31737== For counts of detected and suppressed errors, rerun with: -v
==31737== ERROR SUMMARY: 0 errors from 0 contexts (suppressed: 0 from 0)
==31722== 
==31722== HEAP SUMMARY:
==31722==     in use at exit: 134,412 bytes in 195 blocks
==31722==   total heap usage: 390 allocs, 195 frees, 161,692 bytes allocated
==31722== 
==31722== LEAK SUMMARY:
==31722==    definitely lost: 0 bytes in 0 blocks
==31722==    indirectly lost: 0 bytes in 0 blocks
==31722==      possibly lost: 0 bytes in 0 blocks
==31722==    still reachable: 134,412 bytes in 195 blocks
==31722==         suppressed: 0 bytes in 0 blocks
==31722== Reachable blocks (those to which a pointer was found) are not shown.
==31722== To see them, rerun with: --leak-check=full --show-leak-kinds=all
==31722== 
==31722== For counts of detected and suppressed errors, rerun with: -v
==31722== ERROR SUMMARY: 0 errors from 0 contexts (suppressed: 0 from 0)
==== Test 71: echo hi | cat <"./test_files/infile" ====
==31780== Memcheck, a memory error detector
==31780== Copyright (C) 2002-2017, and GNU GPL'd, by Julian Seward et al.
==31780== Using Valgrind-3.13.0 and LibVEX; rerun with -h for copyright info
==31780== Command: ../minishell
==31780== Parent PID: 31778
==31780== 
==31784== 
==31784== HEAP SUMMARY:
==31784==     in use at exit: 138,792 bytes in 267 blocks
==31784==   total heap usage: 406 allocs, 139 frees, 161,649 bytes allocated
==31784== 
==31784== LEAK SUMMARY:
==31784==    definitely lost: 0 bytes in 0 blocks
==31784==    indirectly lost: 0 bytes in 0 blocks
==31784==      possibly lost: 0 bytes in 0 blocks
==31784==    still reachable: 138,792 bytes in 267 blocks
==31784==         suppressed: 0 bytes in 0 blocks
==31784== Reachable blocks (those to which a pointer was found) are not shown.
==31784== To see them, rerun with: --leak-check=full --show-leak-kinds=all
==31784== 
==31784== For counts of detected and suppressed errors, rerun with: -v
==31784== ERROR SUMMARY: 0 errors from 0 contexts (suppressed: 0 from 0)
==31780== 
==31780== HEAP SUMMARY:
==31780==     in use at exit: 134,387 bytes in 195 blocks
==31780==   total heap usage: 388 allocs, 193 frees, 161,553 bytes allocated
==31780== 
==31780== LEAK SUMMARY:
==31780==    definitely lost: 0 bytes in 0 blocks
==31780==    indirectly lost: 0 bytes in 0 blocks
==31780==      possibly lost: 0 bytes in 0 blocks
==31780==    still reachable: 134,387 bytes in 195 blocks
==31780==         suppressed: 0 bytes in 0 blocks
==31780== Reachable blocks (those to which a pointer was found) are not shown.
==31780== To see them, rerun with: --leak-check=full --show-leak-kinds=all
==31780== 
==31780== For counts of detected and suppressed errors, rerun with: -v
==31780== ERROR SUMMARY: 0 errors from 0 contexts (suppressed: 0 from 0)
==== Test 72: echo hi | cat "./test_files/infile" ====
==31828== Memcheck, a memory error detector
==31828== Copyright (C) 2002-2017, and GNU GPL'd, by Julian Seward et al.
==31828== Using Valgrind-3.13.0 and LibVEX; rerun with -h for copyright info
==31828== Command: ../minishell
==31828== Parent PID: 31826
==31828== 
==31832== 
==31832== HEAP SUMMARY:
==31832==     in use at exit: 138,790 bytes in 267 blocks
==31832==   total heap usage: 406 allocs, 139 frees, 161,646 bytes allocated
==31832== 
==31832== LEAK SUMMARY:
==31832==    definitely lost: 0 bytes in 0 blocks
==31832==    indirectly lost: 0 bytes in 0 blocks
==31832==      possibly lost: 0 bytes in 0 blocks
==31832==    still reachable: 138,790 bytes in 267 blocks
==31832==         suppressed: 0 bytes in 0 blocks
==31832== Reachable blocks (those to which a pointer was found) are not shown.
==31832== To see them, rerun with: --leak-check=full --show-leak-kinds=all
==31832== 
==31832== For counts of detected and suppressed errors, rerun with: -v
==31832== ERROR SUMMARY: 0 errors from 0 contexts (suppressed: 0 from 0)
==31828== 
==31828== HEAP SUMMARY:
==31828==     in use at exit: 134,386 bytes in 195 blocks
==31828==   total heap usage: 388 allocs, 193 frees, 161,550 bytes allocated
==31828== 
==31828== LEAK SUMMARY:
==31828==    definitely lost: 0 bytes in 0 blocks
==31828==    indirectly lost: 0 bytes in 0 blocks
==31828==      possibly lost: 0 bytes in 0 blocks
==31828==    still reachable: 134,386 bytes in 195 blocks
==31828==         suppressed: 0 bytes in 0 blocks
==31828== Reachable blocks (those to which a pointer was found) are not shown.
==31828== To see them, rerun with: --leak-check=full --show-leak-kinds=all
==31828== 
==31828== For counts of detected and suppressed errors, rerun with: -v
==31828== ERROR SUMMARY: 0 errors from 0 contexts (suppressed: 0 from 0)
==== Test 73: cat <"./test_files/infile" | echo hi ====
==31876== Memcheck, a memory error detector
==31876== Copyright (C) 2002-2017, and GNU GPL'd, by Julian Seward et al.
==31876== Using Valgrind-3.13.0 and LibVEX; rerun with -h for copyright info
==31876== Command: ../minishell
==31876== Parent PID: 31874
==31876== 
==31881== 
==31881== HEAP SUMMARY:
==31881==     in use at exit: 138,792 bytes in 267 blocks
==31881==   total heap usage: 406 allocs, 139 frees, 161,649 bytes allocated
==31881== 
==31881== LEAK SUMMARY:
==31881==    definitely lost: 0 bytes in 0 blocks
==31881==    indirectly lost: 0 bytes in 0 blocks
==31881==      possibly lost: 0 bytes in 0 blocks
==31881==    still reachable: 138,792 bytes in 267 blocks
==31881==         suppressed: 0 bytes in 0 blocks
==31881== Reachable blocks (those to which a pointer was found) are not shown.
==31881== To see them, rerun with: --leak-check=full --show-leak-kinds=all
==31881== 
==31881== For counts of detected and suppressed errors, rerun with: -v
==31881== ERROR SUMMARY: 0 errors from 0 contexts (suppressed: 0 from 0)
==31876== 
==31876== HEAP SUMMARY:
==31876==     in use at exit: 134,387 bytes in 195 blocks
==31876==   total heap usage: 388 allocs, 193 frees, 161,553 bytes allocated
==31876== 
==31876== LEAK SUMMARY:
==31876==    definitely lost: 0 bytes in 0 blocks
==31876==    indirectly lost: 0 bytes in 0 blocks
==31876==      possibly lost: 0 bytes in 0 blocks
==31876==    still reachable: 134,387 bytes in 195 blocks
==31876==         suppressed: 0 bytes in 0 blocks
==31876== Reachable blocks (those to which a pointer was found) are not shown.
==31876== To see them, rerun with: --leak-check=full --show-leak-kinds=all
==31876== 
==31876== For counts of detected and suppressed errors, rerun with: -v
==31876== ERROR SUMMARY: 0 errors from 0 contexts (suppressed: 0 from 0)
==== Test 74: cat <"./test_files/infile" | grep hello ====
==31924== Memcheck, a memory error detector
==31924== Copyright (C) 2002-2017, and GNU GPL'd, by Julian Seward et al.
==31924== Using Valgrind-3.13.0 and LibVEX; rerun with -h for copyright info
==31924== Command: ../minishell
==31924== Parent PID: 31922
==31924== 
==31924== 
==31924== HEAP SUMMARY:
==31924==     in use at exit: 134,390 bytes in 195 blocks
==31924==   total heap usage: 388 allocs, 193 frees, 161,562 bytes allocated
==31924== 
==31924== LEAK SUMMARY:
==31924==    definitely lost: 0 bytes in 0 blocks
==31924==    indirectly lost: 0 bytes in 0 blocks
==31924==      possibly lost: 0 bytes in 0 blocks
==31924==    still reachable: 134,390 bytes in 195 blocks
==31924==         suppressed: 0 bytes in 0 blocks
==31924== Reachable blocks (those to which a pointer was found) are not shown.
==31924== To see them, rerun with: --leak-check=full --show-leak-kinds=all
==31924== 
==31924== For counts of detected and suppressed errors, rerun with: -v
==31924== ERROR SUMMARY: 0 errors from 0 contexts (suppressed: 0 from 0)
==== Test 75: cat <"./test_files/infile_big" | echo hi ====
==31989== Memcheck, a memory error detector
==31989== Copyright (C) 2002-2017, and GNU GPL'd, by Julian Seward et al.
==31989== Using Valgrind-3.13.0 and LibVEX; rerun with -h for copyright info
==31989== Command: ../minishell
==31989== Parent PID: 31987
==31989== 
==31994== 
==31994== HEAP SUMMARY:
==31994==     in use at exit: 138,800 bytes in 267 blocks
==31994==   total heap usage: 406 allocs, 139 frees, 161,661 bytes allocated
==31994== 
==31994== LEAK SUMMARY:
==31994==    definitely lost: 0 bytes in 0 blocks
==31994==    indirectly lost: 0 bytes in 0 blocks
==31994==      possibly lost: 0 bytes in 0 blocks
==31994==    still reachable: 138,800 bytes in 267 blocks
==31994==         suppressed: 0 bytes in 0 blocks
==31994== Reachable blocks (those to which a pointer was found) are not shown.
==31994== To see them, rerun with: --leak-check=full --show-leak-kinds=all
==31994== 
==31994== For counts of detected and suppressed errors, rerun with: -v
==31994== ERROR SUMMARY: 0 errors from 0 contexts (suppressed: 0 from 0)
==31989== 
==31989== HEAP SUMMARY:
==31989==     in use at exit: 134,391 bytes in 195 blocks
==31989==   total heap usage: 388 allocs, 193 frees, 161,565 bytes allocated
==31989== 
==31989== LEAK SUMMARY:
==31989==    definitely lost: 0 bytes in 0 blocks
==31989==    indirectly lost: 0 bytes in 0 blocks
==31989==      possibly lost: 0 bytes in 0 blocks
==31989==    still reachable: 134,391 bytes in 195 blocks
==31989==         suppressed: 0 bytes in 0 blocks
==31989== Reachable blocks (those to which a pointer was found) are not shown.
==31989== To see them, rerun with: --leak-check=full --show-leak-kinds=all
==31989== 
==31989== For counts of detected and suppressed errors, rerun with: -v
==31989== ERROR SUMMARY: 0 errors from 0 contexts (suppressed: 0 from 0)
==== Test 76: cat <missing ====
==32049== Memcheck, a memory error detector
==32049== Copyright (C) 2002-2017, and GNU GPL'd, by Julian Seward et al.
==32049== Using Valgrind-3.13.0 and LibVEX; rerun with -h for copyright info
==32049== Command: ../minishell
==32049== Parent PID: 32047
==32049== 
==32053== 
==32053== HEAP SUMMARY:
==32053==     in use at exit: 138,733 bytes in 267 blocks
==32053==   total heap usage: 404 allocs, 137 frees, 161,524 bytes allocated
==32053== 
==32053== LEAK SUMMARY:
==32053==    definitely lost: 0 bytes in 0 blocks
==32053==    indirectly lost: 0 bytes in 0 blocks
==32053==      possibly lost: 0 bytes in 0 blocks
==32053==    still reachable: 138,733 bytes in 267 blocks
==32053==         suppressed: 0 bytes in 0 blocks
==32053== Reachable blocks (those to which a pointer was found) are not shown.
==32053== To see them, rerun with: --leak-check=full --show-leak-kinds=all
==32053== 
==32053== For counts of detected and suppressed errors, rerun with: -v
==32053== ERROR SUMMARY: 0 errors from 0 contexts (suppressed: 0 from 0)
==32049== 
==32049== HEAP SUMMARY:
==32049==     in use at exit: 134,363 bytes in 195 blocks
==32049==   total heap usage: 394 allocs, 199 frees, 161,494 bytes allocated
==32049== 
==32049== LEAK SUMMARY:
==32049==    definitely lost: 0 bytes in 0 blocks
==32049==    indirectly lost: 0 bytes in 0 blocks
==32049==      possibly lost: 0 bytes in 0 blocks
==32049==    still reachable: 134,363 bytes in 195 blocks
==32049==         suppressed: 0 bytes in 0 blocks
==32049== Reachable blocks (those to which a pointer was found) are not shown.
==32049== To see them, rerun with: --leak-check=full --show-leak-kinds=all
==32049== 
==32049== For counts of detected and suppressed errors, rerun with: -v
==32049== ERROR SUMMARY: 0 errors from 0 contexts (suppressed: 0 from 0)
==== Test 77: cat <missing | cat ====
==32092== Memcheck, a memory error detector
==32092== Copyright (C) 2002-2017, and GNU GPL'd, by Julian Seward et al.
==32092== Using Valgrind-3.13.0 and LibVEX; rerun with -h for copyright info
==32092== Command: ../minishell
==32092== Parent PID: 32090
==32092== 
==32096== 
==32096== HEAP SUMMARY:
==32096==     in use at exit: 138,769 bytes in 268 blocks
==32096==   total heap usage: 398 allocs, 130 frees, 161,510 bytes allocated
==32096== 
==32096== LEAK SUMMARY:
==32096==    definitely lost: 0 bytes in 0 blocks
==32096==    indirectly lost: 0 bytes in 0 blocks
==32096==      possibly lost: 0 bytes in 0 blocks
==32096==    still reachable: 138,769 bytes in 268 blocks
==32096==         suppressed: 0 bytes in 0 blocks
==32096== Reachable blocks (those to which a pointer was found) are not shown.
==32096== To see them, rerun with: --leak-check=full --show-leak-kinds=all
==32096== 
==32096== For counts of detected and suppressed errors, rerun with: -v
==32096== ERROR SUMMARY: 0 errors from 0 contexts (suppressed: 0 from 0)
==32092== 
==32092== HEAP SUMMARY:
==32092==     in use at exit: 134,369 bytes in 195 blocks
==32092==   total heap usage: 387 allocs, 192 frees, 161,467 bytes allocated
==32092== 
==32092== LEAK SUMMARY:
==32092==    definitely lost: 0 bytes in 0 blocks
==32092==    indirectly lost: 0 bytes in 0 blocks
==32092==      possibly lost: 0 bytes in 0 blocks
==32092==    still reachable: 134,369 bytes in 195 blocks
==32092==         suppressed: 0 bytes in 0 blocks
==32092== Reachable blocks (those to which a pointer was found) are not shown.
==32092== To see them, rerun with: --leak-check=full --show-leak-kinds=all
==32092== 
==32092== For counts of detected and suppressed errors, rerun with: -v
==32092== ERROR SUMMARY: 0 errors from 0 contexts (suppressed: 0 from 0)
==== Test 78: cat <missing | echo oi ====
==32140== Memcheck, a memory error detector
==32140== Copyright (C) 2002-2017, and GNU GPL'd, by Julian Seward et al.
==32140== Using Valgrind-3.13.0 and LibVEX; rerun with -h for copyright info
==32140== Command: ../minishell
==32140== Parent PID: 32138
==32140== 
==32144== 
==32144== HEAP SUMMARY:
==32144==     in use at exit: 138,777 bytes in 268 blocks
==32144==   total heap usage: 399 allocs, 131 frees, 161,554 bytes allocated
==32144== 
==32144== LEAK SUMMARY:
==32144==    definitely lost: 0 bytes in 0 blocks
==32144==    indirectly lost: 0 bytes in 0 blocks
==32144==      possibly lost: 0 bytes in 0 blocks
==32144==    still reachable: 138,777 bytes in 268 blocks
==32144==         suppressed: 0 bytes in 0 blocks
==32144== Reachable blocks (those to which a pointer was found) are not shown.
==32144== To see them, rerun with: --leak-check=full --show-leak-kinds=all
==32144== 
==32144== For counts of detected and suppressed errors, rerun with: -v
==32144== ERROR SUMMARY: 0 errors from 0 contexts (suppressed: 0 from 0)
==32145== 
==32145== HEAP SUMMARY:
==32145==     in use at exit: 138,764 bytes in 267 blocks
==32145==   total heap usage: 406 allocs, 139 frees, 161,607 bytes allocated
==32145== 
==32145== LEAK SUMMARY:
==32145==    definitely lost: 0 bytes in 0 blocks
==32145==    indirectly lost: 0 bytes in 0 blocks
==32145==      possibly lost: 0 bytes in 0 blocks
==32145==    still reachable: 138,764 bytes in 267 blocks
==32145==         suppressed: 0 bytes in 0 blocks
==32145== Reachable blocks (those to which a pointer was found) are not shown.
==32145== To see them, rerun with: --leak-check=full --show-leak-kinds=all
==32145== 
==32145== For counts of detected and suppressed errors, rerun with: -v
==32145== ERROR SUMMARY: 0 errors from 0 contexts (suppressed: 0 from 0)
==32140== 
==32140== HEAP SUMMARY:
==32140==     in use at exit: 134,373 bytes in 195 blocks
==32140==   total heap usage: 388 allocs, 193 frees, 161,511 bytes allocated
==32140== 
==32140== LEAK SUMMARY:
==32140==    definitely lost: 0 bytes in 0 blocks
==32140==    indirectly lost: 0 bytes in 0 blocks
==32140==      possibly lost: 0 bytes in 0 blocks
==32140==    still reachable: 134,373 bytes in 195 blocks
==32140==         suppressed: 0 bytes in 0 blocks
==32140== Reachable blocks (those to which a pointer was found) are not shown.
==32140== To see them, rerun with: --leak-check=full --show-leak-kinds=all
==32140== 
==32140== For counts of detected and suppressed errors, rerun with: -v
==32140== ERROR SUMMARY: 0 errors from 0 contexts (suppressed: 0 from 0)
==== Test 79: cat <missing | cat <"./test_files/infile" ====
==32188== Memcheck, a memory error detector
==32188== Copyright (C) 2002-2017, and GNU GPL'd, by Julian Seward et al.
==32188== Using Valgrind-3.13.0 and LibVEX; rerun with -h for copyright info
==32188== Command: ../minishell
==32188== Parent PID: 32186
==32188== 
==32192== 
==32192== HEAP SUMMARY:
==32192==     in use at exit: 138,815 bytes in 268 blocks
==32192==   total heap usage: 400 allocs, 132 frees, 161,643 bytes allocated
==32192== 
==32192== LEAK SUMMARY:
==32192==    definitely lost: 0 bytes in 0 blocks
==32192==    indirectly lost: 0 bytes in 0 blocks
==32192==      possibly lost: 0 bytes in 0 blocks
==32192==    still reachable: 138,815 bytes in 268 blocks
==32192==         suppressed: 0 bytes in 0 blocks
==32192== Reachable blocks (those to which a pointer was found) are not shown.
==32192== To see them, rerun with: --leak-check=full --show-leak-kinds=all
==32192== 
==32192== For counts of detected and suppressed errors, rerun with: -v
==32192== ERROR SUMMARY: 0 errors from 0 contexts (suppressed: 0 from 0)
==32188== 
==32188== HEAP SUMMARY:
==32188==     in use at exit: 134,392 bytes in 195 blocks
==32188==   total heap usage: 389 allocs, 194 frees, 161,600 bytes allocated
==32188== 
==32188== LEAK SUMMARY:
==32188==    definitely lost: 0 bytes in 0 blocks
==32188==    indirectly lost: 0 bytes in 0 blocks
==32188==      possibly lost: 0 bytes in 0 blocks
==32188==    still reachable: 134,392 bytes in 195 blocks
==32188==         suppressed: 0 bytes in 0 blocks
==32188== Reachable blocks (those to which a pointer was found) are not shown.
==32188== To see them, rerun with: --leak-check=full --show-leak-kinds=all
==32188== 
==32188== For counts of detected and suppressed errors, rerun with: -v
==32188== ERROR SUMMARY: 0 errors from 0 contexts (suppressed: 0 from 0)
==== Test 80: echo <123 <456 hi | echo 42 ====
==32236== Memcheck, a memory error detector
==32236== Copyright (C) 2002-2017, and GNU GPL'd, by Julian Seward et al.
==32236== Using Valgrind-3.13.0 and LibVEX; rerun with -h for copyright info
==32236== Command: ../minishell
==32236== Parent PID: 32234
==32236== 
==32255== 
==32255== HEAP SUMMARY:
==32255==     in use at exit: 138,792 bytes in 268 blocks
==32255==   total heap usage: 395 allocs, 127 frees, 161,536 bytes allocated
==32255== 
==32255== LEAK SUMMARY:
==32255==    definitely lost: 0 bytes in 0 blocks
==32255==    indirectly lost: 0 bytes in 0 blocks
==32255==      possibly lost: 0 bytes in 0 blocks
==32255==    still reachable: 138,792 bytes in 268 blocks
==32255==         suppressed: 0 bytes in 0 blocks
==32255== Reachable blocks (those to which a pointer was found) are not shown.
==32255== To see them, rerun with: --leak-check=full --show-leak-kinds=all
==32255== 
==32255== For counts of detected and suppressed errors, rerun with: -v
==32255== ERROR SUMMARY: 0 errors from 0 contexts (suppressed: 0 from 0)
==32256== 
==32256== HEAP SUMMARY:
==32256==     in use at exit: 138,774 bytes in 267 blocks
==32256==   total heap usage: 406 allocs, 139 frees, 161,622 bytes allocated
==32256== 
==32256== LEAK SUMMARY:
==32256==    definitely lost: 0 bytes in 0 blocks
==32256==    indirectly lost: 0 bytes in 0 blocks
==32256==      possibly lost: 0 bytes in 0 blocks
==32256==    still reachable: 138,774 bytes in 267 blocks
==32256==         suppressed: 0 bytes in 0 blocks
==32256== Reachable blocks (those to which a pointer was found) are not shown.
==32256== To see them, rerun with: --leak-check=full --show-leak-kinds=all
==32256== 
==32256== For counts of detected and suppressed errors, rerun with: -v
==32256== ERROR SUMMARY: 0 errors from 0 contexts (suppressed: 0 from 0)
==32236== 
==32236== HEAP SUMMARY:
==32236==     in use at exit: 134,378 bytes in 195 blocks
==32236==   total heap usage: 388 allocs, 193 frees, 161,526 bytes allocated
==32236== 
==32236== LEAK SUMMARY:
==32236==    definitely lost: 0 bytes in 0 blocks
==32236==    indirectly lost: 0 bytes in 0 blocks
==32236==      possibly lost: 0 bytes in 0 blocks
==32236==    still reachable: 134,378 bytes in 195 blocks
==32236==         suppressed: 0 bytes in 0 blocks
==32236== Reachable blocks (those to which a pointer was found) are not shown.
==32236== To see them, rerun with: --leak-check=full --show-leak-kinds=all
==32236== 
==32236== For counts of detected and suppressed errors, rerun with: -v
==32236== ERROR SUMMARY: 0 errors from 0 contexts (suppressed: 0 from 0)
==== Test 81: ls >./outfiles/outfile01 ====
==32299== Memcheck, a memory error detector
==32299== Copyright (C) 2002-2017, and GNU GPL'd, by Julian Seward et al.
==32299== Using Valgrind-3.13.0 and LibVEX; rerun with -h for copyright info
==32299== Command: ../minishell
==32299== Parent PID: 32297
==32299== 
==32299== 
==32299== HEAP SUMMARY:
==32299==     in use at exit: 134,375 bytes in 195 blocks
==32299==   total heap usage: 394 allocs, 199 frees, 161,554 bytes allocated
==32299== 
==32299== LEAK SUMMARY:
==32299==    definitely lost: 0 bytes in 0 blocks
==32299==    indirectly lost: 0 bytes in 0 blocks
==32299==      possibly lost: 0 bytes in 0 blocks
==32299==    still reachable: 134,375 bytes in 195 blocks
==32299==         suppressed: 0 bytes in 0 blocks
==32299== Reachable blocks (those to which a pointer was found) are not shown.
==32299== To see them, rerun with: --leak-check=full --show-leak-kinds=all
==32299== 
==32299== For counts of detected and suppressed errors, rerun with: -v
==32299== ERROR SUMMARY: 0 errors from 0 contexts (suppressed: 0 from 0)
==== Test 82: ls >         ./outfiles/outfile01 ====
==32354== Memcheck, a memory error detector
==32354== Copyright (C) 2002-2017, and GNU GPL'd, by Julian Seward et al.
==32354== Using Valgrind-3.13.0 and LibVEX; rerun with -h for copyright info
==32354== Command: ../minishell
==32354== Parent PID: 32352
==32354== 
==32354== 
==32354== HEAP SUMMARY:
==32354==     in use at exit: 134,384 bytes in 195 blocks
==32354==   total heap usage: 394 allocs, 199 frees, 161,581 bytes allocated
==32354== 
==32354== LEAK SUMMARY:
==32354==    definitely lost: 0 bytes in 0 blocks
==32354==    indirectly lost: 0 bytes in 0 blocks
==32354==      possibly lost: 0 bytes in 0 blocks
==32354==    still reachable: 134,384 bytes in 195 blocks
==32354==         suppressed: 0 bytes in 0 blocks
==32354== Reachable blocks (those to which a pointer was found) are not shown.
==32354== To see them, rerun with: --leak-check=full --show-leak-kinds=all
==32354== 
==32354== For counts of detected and suppressed errors, rerun with: -v
==32354== ERROR SUMMARY: 0 errors from 0 contexts (suppressed: 0 from 0)
==== Test 83: echo hi >         ./outfiles/outfile01 bye ====
==32399== Memcheck, a memory error detector
==32399== Copyright (C) 2002-2017, and GNU GPL'd, by Julian Seward et al.
==32399== Using Valgrind-3.13.0 and LibVEX; rerun with -h for copyright info
==32399== Command: ../minishell
==32399== Parent PID: 32397
==32399== 
==32399== 
==32399== HEAP SUMMARY:
==32399==     in use at exit: 134,393 bytes in 195 blocks
==32399==   total heap usage: 437 allocs, 242 frees, 162,075 bytes allocated
==32399== 
==32399== LEAK SUMMARY:
==32399==    definitely lost: 0 bytes in 0 blocks
==32399==    indirectly lost: 0 bytes in 0 blocks
==32399==      possibly lost: 0 bytes in 0 blocks
==32399==    still reachable: 134,393 bytes in 195 blocks
==32399==         suppressed: 0 bytes in 0 blocks
==32399== Reachable blocks (those to which a pointer was found) are not shown.
==32399== To see them, rerun with: --leak-check=full --show-leak-kinds=all
==32399== 
==32399== For counts of detected and suppressed errors, rerun with: -v
==32399== ERROR SUMMARY: 0 errors from 0 contexts (suppressed: 0 from 0)
==== Test 84: ls >./outfiles/outfile01 >./outfiles/outfile02 ====
==32439== Memcheck, a memory error detector
==32439== Copyright (C) 2002-2017, and GNU GPL'd, by Julian Seward et al.
==32439== Using Valgrind-3.13.0 and LibVEX; rerun with -h for copyright info
==32439== Command: ../minishell
==32439== Parent PID: 32437
==32439== 
==32439== 
==32439== HEAP SUMMARY:
==32439==     in use at exit: 134,397 bytes in 195 blocks
==32439==   total heap usage: 395 allocs, 200 frees, 161,653 bytes allocated
==32439== 
==32439== LEAK SUMMARY:
==32439==    definitely lost: 0 bytes in 0 blocks
==32439==    indirectly lost: 0 bytes in 0 blocks
==32439==      possibly lost: 0 bytes in 0 blocks
==32439==    still reachable: 134,397 bytes in 195 blocks
==32439==         suppressed: 0 bytes in 0 blocks
==32439== Reachable blocks (those to which a pointer was found) are not shown.
==32439== To see them, rerun with: --leak-check=full --show-leak-kinds=all
==32439== 
==32439== For counts of detected and suppressed errors, rerun with: -v
==32439== ERROR SUMMARY: 0 errors from 0 contexts (suppressed: 0 from 0)
==== Test 85: ls >./outfiles/outfile01 >./test_files/invalid_permission ====
==32484== Memcheck, a memory error detector
==32484== Copyright (C) 2002-2017, and GNU GPL'd, by Julian Seward et al.
==32484== Using Valgrind-3.13.0 and LibVEX; rerun with -h for copyright info
==32484== Command: ../minishell
==32484== Parent PID: 32482
==32484== 
==32503== 
==32503== HEAP SUMMARY:
==32503==     in use at exit: 138,822 bytes in 267 blocks
==32503==   total heap usage: 454 allocs, 187 frees, 162,590 bytes allocated
==32503== 
==32503== LEAK SUMMARY:
==32503==    definitely lost: 0 bytes in 0 blocks
==32503==    indirectly lost: 0 bytes in 0 blocks
==32503==      possibly lost: 0 bytes in 0 blocks
==32503==    still reachable: 138,822 bytes in 267 blocks
==32503==         suppressed: 0 bytes in 0 blocks
==32503== Reachable blocks (those to which a pointer was found) are not shown.
==32503== To see them, rerun with: --leak-check=full --show-leak-kinds=all
==32503== 
==32503== For counts of detected and suppressed errors, rerun with: -v
==32503== ERROR SUMMARY: 0 errors from 0 contexts (suppressed: 0 from 0)
==32484== 
==32484== HEAP SUMMARY:
==32484==     in use at exit: 134,408 bytes in 195 blocks
==32484==   total heap usage: 395 allocs, 200 frees, 161,686 bytes allocated
==32484== 
==32484== LEAK SUMMARY:
==32484==    definitely lost: 0 bytes in 0 blocks
==32484==    indirectly lost: 0 bytes in 0 blocks
==32484==      possibly lost: 0 bytes in 0 blocks
==32484==    still reachable: 134,408 bytes in 195 blocks
==32484==         suppressed: 0 bytes in 0 blocks
==32484== Reachable blocks (those to which a pointer was found) are not shown.
==32484== To see them, rerun with: --leak-check=full --show-leak-kinds=all
==32484== 
==32484== For counts of detected and suppressed errors, rerun with: -v
==32484== ERROR SUMMARY: 0 errors from 0 contexts (suppressed: 0 from 0)
==== Test 86: ls >"./outfiles/outfile with spaces" ====
==32542== Memcheck, a memory error detector
==32542== Copyright (C) 2002-2017, and GNU GPL'd, by Julian Seward et al.
==32542== Using Valgrind-3.13.0 and LibVEX; rerun with -h for copyright info
==32542== Command: ../minishell
==32542== Parent PID: 32540
==32542== 
==32542== 
==32542== HEAP SUMMARY:
==32542==     in use at exit: 134,387 bytes in 195 blocks
==32542==   total heap usage: 394 allocs, 199 frees, 161,590 bytes allocated
==32542== 
==32542== LEAK SUMMARY:
==32542==    definitely lost: 0 bytes in 0 blocks
==32542==    indirectly lost: 0 bytes in 0 blocks
==32542==      possibly lost: 0 bytes in 0 blocks
==32542==    still reachable: 134,387 bytes in 195 blocks
==32542==         suppressed: 0 bytes in 0 blocks
==32542== Reachable blocks (those to which a pointer was found) are not shown.
==32542== To see them, rerun with: --leak-check=full --show-leak-kinds=all
==32542== 
==32542== For counts of detected and suppressed errors, rerun with: -v
==32542== ERROR SUMMARY: 0 errors from 0 contexts (suppressed: 0 from 0)
==== Test 87: ls >"./outfiles/outfile""1""2""3""4""5" ====
==32597== Memcheck, a memory error detector
==32597== Copyright (C) 2002-2017, and GNU GPL'd, by Julian Seward et al.
==32597== Using Valgrind-3.13.0 and LibVEX; rerun with -h for copyright info
==32597== Command: ../minishell
==32597== Parent PID: 32595
==32597== 
==32597== 
==32597== HEAP SUMMARY:
==32597==     in use at exit: 134,390 bytes in 195 blocks
==32597==   total heap usage: 394 allocs, 199 frees, 161,599 bytes allocated
==32597== 
==32597== LEAK SUMMARY:
==32597==    definitely lost: 0 bytes in 0 blocks
==32597==    indirectly lost: 0 bytes in 0 blocks
==32597==      possibly lost: 0 bytes in 0 blocks
==32597==    still reachable: 134,390 bytes in 195 blocks
==32597==         suppressed: 0 bytes in 0 blocks
==32597== Reachable blocks (those to which a pointer was found) are not shown.
==32597== To see them, rerun with: --leak-check=full --show-leak-kinds=all
==32597== 
==32597== For counts of detected and suppressed errors, rerun with: -v
==32597== ERROR SUMMARY: 0 errors from 0 contexts (suppressed: 0 from 0)
==== Test 88: ls >"./outfiles/outfile01" >./test_files/invalid_permission >"./outfiles/outfile02" ====
==32642== Memcheck, a memory error detector
==32642== Copyright (C) 2002-2017, and GNU GPL'd, by Julian Seward et al.
==32642== Using Valgrind-3.13.0 and LibVEX; rerun with -h for copyright info
==32642== Command: ../minishell
==32642== Parent PID: 32640
==32642== 
==32646== 
==32646== HEAP SUMMARY:
==32646==     in use at exit: 138,874 bytes in 267 blocks
==32646==   total heap usage: 479 allocs, 212 frees, 163,013 bytes allocated
==32646== 
==32646== LEAK SUMMARY:
==32646==    definitely lost: 0 bytes in 0 blocks
==32646==    indirectly lost: 0 bytes in 0 blocks
==32646==      possibly lost: 0 bytes in 0 blocks
==32646==    still reachable: 138,874 bytes in 267 blocks
==32646==         suppressed: 0 bytes in 0 blocks
==32646== Reachable blocks (those to which a pointer was found) are not shown.
==32646== To see them, rerun with: --leak-check=full --show-leak-kinds=all
==32646== 
==32646== For counts of detected and suppressed errors, rerun with: -v
==32646== ERROR SUMMARY: 0 errors from 0 contexts (suppressed: 0 from 0)
==32642== 
==32642== HEAP SUMMARY:
==32642==     in use at exit: 134,434 bytes in 195 blocks
==32642==   total heap usage: 397 allocs, 202 frees, 161,829 bytes allocated
==32642== 
==32642== LEAK SUMMARY:
==32642==    definitely lost: 0 bytes in 0 blocks
==32642==    indirectly lost: 0 bytes in 0 blocks
==32642==      possibly lost: 0 bytes in 0 blocks
==32642==    still reachable: 134,434 bytes in 195 blocks
==32642==         suppressed: 0 bytes in 0 blocks
==32642== Reachable blocks (those to which a pointer was found) are not shown.
==32642== To see them, rerun with: --leak-check=full --show-leak-kinds=all
==32642== 
==32642== For counts of detected and suppressed errors, rerun with: -v
==32642== ERROR SUMMARY: 0 errors from 0 contexts (suppressed: 0 from 0)
==== Test 89: ls >./test_files/invalid_permission >"./outfiles/outfile01" >./test_files/invalid_permission ====
==32685== Memcheck, a memory error detector
==32685== Copyright (C) 2002-2017, and GNU GPL'd, by Julian Seward et al.
==32685== Using Valgrind-3.13.0 and LibVEX; rerun with -h for copyright info
==32685== Command: ../minishell
==32685== Parent PID: 32683
==32685== 
==32689== 
==32689== HEAP SUMMARY:
==32689==     in use at exit: 138,892 bytes in 267 blocks
==32689==   total heap usage: 431 allocs, 164 frees, 162,450 bytes allocated
==32689== 
==32689== LEAK SUMMARY:
==32689==    definitely lost: 0 bytes in 0 blocks
==32689==    indirectly lost: 0 bytes in 0 blocks
==32689==      possibly lost: 0 bytes in 0 blocks
==32689==    still reachable: 138,892 bytes in 267 blocks
==32689==         suppressed: 0 bytes in 0 blocks
==32689== Reachable blocks (those to which a pointer was found) are not shown.
==32689== To see them, rerun with: --leak-check=full --show-leak-kinds=all
==32689== 
==32689== For counts of detected and suppressed errors, rerun with: -v
==32689== ERROR SUMMARY: 0 errors from 0 contexts (suppressed: 0 from 0)
==32685== 
==32685== HEAP SUMMARY:
==32685==     in use at exit: 134,443 bytes in 195 blocks
==32685==   total heap usage: 397 allocs, 202 frees, 161,856 bytes allocated
==32685== 
==32685== LEAK SUMMARY:
==32685==    definitely lost: 0 bytes in 0 blocks
==32685==    indirectly lost: 0 bytes in 0 blocks
==32685==      possibly lost: 0 bytes in 0 blocks
==32685==    still reachable: 134,443 bytes in 195 blocks
==32685==         suppressed: 0 bytes in 0 blocks
==32685== Reachable blocks (those to which a pointer was found) are not shown.
==32685== To see them, rerun with: --leak-check=full --show-leak-kinds=all
==32685== 
==32685== For counts of detected and suppressed errors, rerun with: -v
==32685== ERROR SUMMARY: 0 errors from 0 contexts (suppressed: 0 from 0)
==== Test 90: cat <"./test_files/infile" >"./outfiles/outfile01" ====
==32728== Memcheck, a memory error detector
==32728== Copyright (C) 2002-2017, and GNU GPL'd, by Julian Seward et al.
==32728== Using Valgrind-3.13.0 and LibVEX; rerun with -h for copyright info
==32728== Command: ../minishell
==32728== Parent PID: 32726
==32728== 
==32728== 
==32728== HEAP SUMMARY:
==32728==     in use at exit: 134,401 bytes in 195 blocks
==32728==   total heap usage: 396 allocs, 201 frees, 161,673 bytes allocated
==32728== 
==32728== LEAK SUMMARY:
==32728==    definitely lost: 0 bytes in 0 blocks
==32728==    indirectly lost: 0 bytes in 0 blocks
==32728==      possibly lost: 0 bytes in 0 blocks
==32728==    still reachable: 134,401 bytes in 195 blocks
==32728==         suppressed: 0 bytes in 0 blocks
==32728== Reachable blocks (those to which a pointer was found) are not shown.
==32728== To see them, rerun with: --leak-check=full --show-leak-kinds=all
==32728== 
==32728== For counts of detected and suppressed errors, rerun with: -v
==32728== ERROR SUMMARY: 0 errors from 0 contexts (suppressed: 0 from 0)
==== Test 91: echo hi >./outfiles/outfile01 | echo bye ====
==322== Memcheck, a memory error detector
==322== Copyright (C) 2002-2017, and GNU GPL'd, by Julian Seward et al.
==322== Using Valgrind-3.13.0 and LibVEX; rerun with -h for copyright info
==322== Command: ../minishell
==322== Parent PID: 320
==322== 
==338== 
==338== HEAP SUMMARY:
==338==     in use at exit: 138,800 bytes in 267 blocks
==338==   total heap usage: 407 allocs, 140 frees, 161,670 bytes allocated
==338== 
==338== LEAK SUMMARY:
==338==    definitely lost: 0 bytes in 0 blocks
==338==    indirectly lost: 0 bytes in 0 blocks
==338==      possibly lost: 0 bytes in 0 blocks
==338==    still reachable: 138,800 bytes in 267 blocks
==338==         suppressed: 0 bytes in 0 blocks
==338== Reachable blocks (those to which a pointer was found) are not shown.
==338== To see them, rerun with: --leak-check=full --show-leak-kinds=all
==338== 
==338== For counts of detected and suppressed errors, rerun with: -v
==338== ERROR SUMMARY: 0 errors from 0 contexts (suppressed: 0 from 0)
==337== 
==337== HEAP SUMMARY:
==337==     in use at exit: 138,800 bytes in 267 blocks
==337==   total heap usage: 431 allocs, 164 frees, 161,994 bytes allocated
==337== 
==337== LEAK SUMMARY:
==337==    definitely lost: 0 bytes in 0 blocks
==337==    indirectly lost: 0 bytes in 0 blocks
==337==      possibly lost: 0 bytes in 0 blocks
==337==    still reachable: 138,800 bytes in 267 blocks
==337==         suppressed: 0 bytes in 0 blocks
==337== Reachable blocks (those to which a pointer was found) are not shown.
==337== To see them, rerun with: --leak-check=full --show-leak-kinds=all
==337== 
==337== For counts of detected and suppressed errors, rerun with: -v
==337== ERROR SUMMARY: 0 errors from 0 contexts (suppressed: 0 from 0)
==322== 
==322== HEAP SUMMARY:
==322==     in use at exit: 134,391 bytes in 195 blocks
==322==   total heap usage: 388 allocs, 193 frees, 161,565 bytes allocated
==322== 
==322== LEAK SUMMARY:
==322==    definitely lost: 0 bytes in 0 blocks
==322==    indirectly lost: 0 bytes in 0 blocks
==322==      possibly lost: 0 bytes in 0 blocks
==322==    still reachable: 134,391 bytes in 195 blocks
==322==         suppressed: 0 bytes in 0 blocks
==322== Reachable blocks (those to which a pointer was found) are not shown.
==322== To see them, rerun with: --leak-check=full --show-leak-kinds=all
==322== 
==322== For counts of detected and suppressed errors, rerun with: -v
==322== ERROR SUMMARY: 0 errors from 0 contexts (suppressed: 0 from 0)
==== Test 92: echo hi >./outfiles/outfile01 >./outfiles/outfile02 | echo bye ====
==392== Memcheck, a memory error detector
==392== Copyright (C) 2002-2017, and GNU GPL'd, by Julian Seward et al.
==392== Using Valgrind-3.13.0 and LibVEX; rerun with -h for copyright info
==392== Command: ../minishell
==392== Parent PID: 389
==392== 
==398== 
==398== HEAP SUMMARY:
==398==     in use at exit: 138,844 bytes in 267 blocks
==398==   total heap usage: 409 allocs, 142 frees, 161,800 bytes allocated
==398== 
==396== 
==396== HEAP SUMMARY:
==396==     in use at exit: 138,844 bytes in 267 blocks
==396==   total heap usage: 458 allocs, 191 frees, 162,457 bytes allocated
==396== 
==398== LEAK SUMMARY:
==398==    definitely lost: 0 bytes in 0 blocks
==398==    indirectly lost: 0 bytes in 0 blocks
==398==      possibly lost: 0 bytes in 0 blocks
==398==    still reachable: 138,844 bytes in 267 blocks
==398==         suppressed: 0 bytes in 0 blocks
==398== Reachable blocks (those to which a pointer was found) are not shown.
==398== To see them, rerun with: --leak-check=full --show-leak-kinds=all
==398== 
==398== For counts of detected and suppressed errors, rerun with: -v
==398== ERROR SUMMARY: 0 errors from 0 contexts (suppressed: 0 from 0)
==396== LEAK SUMMARY:
==396==    definitely lost: 0 bytes in 0 blocks
==396==    indirectly lost: 0 bytes in 0 blocks
==396==      possibly lost: 0 bytes in 0 blocks
==396==    still reachable: 138,844 bytes in 267 blocks
==396==         suppressed: 0 bytes in 0 blocks
==396== Reachable blocks (those to which a pointer was found) are not shown.
==396== To see them, rerun with: --leak-check=full --show-leak-kinds=all
==396== 
==396== For counts of detected and suppressed errors, rerun with: -v
==396== ERROR SUMMARY: 0 errors from 0 contexts (suppressed: 0 from 0)
==392== 
==392== HEAP SUMMARY:
==392==     in use at exit: 134,413 bytes in 195 blocks
==392==   total heap usage: 390 allocs, 195 frees, 161,695 bytes allocated
==392== 
==392== LEAK SUMMARY:
==392==    definitely lost: 0 bytes in 0 blocks
==392==    indirectly lost: 0 bytes in 0 blocks
==392==      possibly lost: 0 bytes in 0 blocks
==392==    still reachable: 134,413 bytes in 195 blocks
==392==         suppressed: 0 bytes in 0 blocks
==392== Reachable blocks (those to which a pointer was found) are not shown.
==392== To see them, rerun with: --leak-check=full --show-leak-kinds=all
==392== 
==392== For counts of detected and suppressed errors, rerun with: -v
==392== ERROR SUMMARY: 0 errors from 0 contexts (suppressed: 0 from 0)
==== Test 93: echo hi | echo >./outfiles/outfile01 bye ====
==461== Memcheck, a memory error detector
==461== Copyright (C) 2002-2017, and GNU GPL'd, by Julian Seward et al.
==461== Using Valgrind-3.13.0 and LibVEX; rerun with -h for copyright info
==461== Command: ../minishell
==461== Parent PID: 459
==461== 
==465== 
==465== HEAP SUMMARY:
==465==     in use at exit: 138,800 bytes in 267 blocks
==465==   total heap usage: 406 allocs, 139 frees, 161,661 bytes allocated
==465== 
==465== LEAK SUMMARY:
==465==    definitely lost: 0 bytes in 0 blocks
==465==    indirectly lost: 0 bytes in 0 blocks
==465==      possibly lost: 0 bytes in 0 blocks
==465==    still reachable: 138,800 bytes in 267 blocks
==465==         suppressed: 0 bytes in 0 blocks
==465== Reachable blocks (those to which a pointer was found) are not shown.
==465== To see them, rerun with: --leak-check=full --show-leak-kinds=all
==465== 
==465== For counts of detected and suppressed errors, rerun with: -v
==465== ERROR SUMMARY: 0 errors from 0 contexts (suppressed: 0 from 0)
==466== 
==466== HEAP SUMMARY:
==466==     in use at exit: 138,800 bytes in 267 blocks
==466==   total heap usage: 432 allocs, 165 frees, 162,003 bytes allocated
==466== 
==466== LEAK SUMMARY:
==466==    definitely lost: 0 bytes in 0 blocks
==466==    indirectly lost: 0 bytes in 0 blocks
==466==      possibly lost: 0 bytes in 0 blocks
==466==    still reachable: 138,800 bytes in 267 blocks
==466==         suppressed: 0 bytes in 0 blocks
==466== Reachable blocks (those to which a pointer was found) are not shown.
==466== To see them, rerun with: --leak-check=full --show-leak-kinds=all
==466== 
==466== For counts of detected and suppressed errors, rerun with: -v
==466== ERROR SUMMARY: 0 errors from 0 contexts (suppressed: 0 from 0)
==461== 
==461== HEAP SUMMARY:
==461==     in use at exit: 134,391 bytes in 195 blocks
==461==   total heap usage: 388 allocs, 193 frees, 161,565 bytes allocated
==461== 
==461== LEAK SUMMARY:
==461==    definitely lost: 0 bytes in 0 blocks
==461==    indirectly lost: 0 bytes in 0 blocks
==461==      possibly lost: 0 bytes in 0 blocks
==461==    still reachable: 134,391 bytes in 195 blocks
==461==         suppressed: 0 bytes in 0 blocks
==461== Reachable blocks (those to which a pointer was found) are not shown.
==461== To see them, rerun with: --leak-check=full --show-leak-kinds=all
==461== 
==461== For counts of detected and suppressed errors, rerun with: -v
==461== ERROR SUMMARY: 0 errors from 0 contexts (suppressed: 0 from 0)
==== Test 94: echo hi | echo bye >./outfiles/outfile01 >./outfiles/outfile02 ====
==509== Memcheck, a memory error detector
==509== Copyright (C) 2002-2017, and GNU GPL'd, by Julian Seward et al.
==509== Using Valgrind-3.13.0 and LibVEX; rerun with -h for copyright info
==509== Command: ../minishell
==509== Parent PID: 507
==509== 
==513== 
==513== HEAP SUMMARY:
==513==     in use at exit: 138,844 bytes in 267 blocks
==513==   total heap usage: 408 allocs, 141 frees, 161,791 bytes allocated
==513== 
==513== LEAK SUMMARY:
==513==    definitely lost: 0 bytes in 0 blocks
==513==    indirectly lost: 0 bytes in 0 blocks
==513==      possibly lost: 0 bytes in 0 blocks
==513==    still reachable: 138,844 bytes in 267 blocks
==513==         suppressed: 0 bytes in 0 blocks
==513== Reachable blocks (those to which a pointer was found) are not shown.
==513== To see them, rerun with: --leak-check=full --show-leak-kinds=all
==513== 
==513== For counts of detected and suppressed errors, rerun with: -v
==513== ERROR SUMMARY: 0 errors from 0 contexts (suppressed: 0 from 0)
==514== 
==514== HEAP SUMMARY:
==514==     in use at exit: 138,844 bytes in 267 blocks
==514==   total heap usage: 459 allocs, 192 frees, 162,466 bytes allocated
==514== 
==514== LEAK SUMMARY:
==514==    definitely lost: 0 bytes in 0 blocks
==514==    indirectly lost: 0 bytes in 0 blocks
==514==      possibly lost: 0 bytes in 0 blocks
==514==    still reachable: 138,844 bytes in 267 blocks
==514==         suppressed: 0 bytes in 0 blocks
==514== Reachable blocks (those to which a pointer was found) are not shown.
==514== To see them, rerun with: --leak-check=full --show-leak-kinds=all
==514== 
==514== For counts of detected and suppressed errors, rerun with: -v
==514== ERROR SUMMARY: 0 errors from 0 contexts (suppressed: 0 from 0)
==509== 
==509== HEAP SUMMARY:
==509==     in use at exit: 134,413 bytes in 195 blocks
==509==   total heap usage: 390 allocs, 195 frees, 161,695 bytes allocated
==509== 
==509== LEAK SUMMARY:
==509==    definitely lost: 0 bytes in 0 blocks
==509==    indirectly lost: 0 bytes in 0 blocks
==509==      possibly lost: 0 bytes in 0 blocks
==509==    still reachable: 134,413 bytes in 195 blocks
==509==         suppressed: 0 bytes in 0 blocks
==509== Reachable blocks (those to which a pointer was found) are not shown.
==509== To see them, rerun with: --leak-check=full --show-leak-kinds=all
==509== 
==509== For counts of detected and suppressed errors, rerun with: -v
==509== ERROR SUMMARY: 0 errors from 0 contexts (suppressed: 0 from 0)
==== Test 95: echo hi >./outfiles/outfile01 | echo bye >./outfiles/outfile02 ====
==557== Memcheck, a memory error detector
==557== Copyright (C) 2002-2017, and GNU GPL'd, by Julian Seward et al.
==557== Using Valgrind-3.13.0 and LibVEX; rerun with -h for copyright info
==557== Command: ../minishell
==557== Parent PID: 555
==557== 
==571== 
==571== HEAP SUMMARY:
==571==     in use at exit: 138,844 bytes in 267 blocks
==571==   total heap usage: 433 allocs, 166 frees, 162,124 bytes allocated
==571== 
==571== LEAK SUMMARY:
==571==    definitely lost: 0 bytes in 0 blocks
==571==    indirectly lost: 0 bytes in 0 blocks
==571==      possibly lost: 0 bytes in 0 blocks
==571==    still reachable: 138,844 bytes in 267 blocks
==571==         suppressed: 0 bytes in 0 blocks
==571== Reachable blocks (those to which a pointer was found) are not shown.
==571== To see them, rerun with: --leak-check=full --show-leak-kinds=all
==571== 
==571== For counts of detected and suppressed errors, rerun with: -v
==571== ERROR SUMMARY: 0 errors from 0 contexts (suppressed: 0 from 0)
==572== 
==572== HEAP SUMMARY:
==572==     in use at exit: 138,844 bytes in 267 blocks
==572==   total heap usage: 434 allocs, 167 frees, 162,133 bytes allocated
==572== 
==572== LEAK SUMMARY:
==572==    definitely lost: 0 bytes in 0 blocks
==572==    indirectly lost: 0 bytes in 0 blocks
==572==      possibly lost: 0 bytes in 0 blocks
==572==    still reachable: 138,844 bytes in 267 blocks
==572==         suppressed: 0 bytes in 0 blocks
==572== Reachable blocks (those to which a pointer was found) are not shown.
==572== To see them, rerun with: --leak-check=full --show-leak-kinds=all
==572== 
==572== For counts of detected and suppressed errors, rerun with: -v
==572== ERROR SUMMARY: 0 errors from 0 contexts (suppressed: 0 from 0)
==557== 
==557== HEAP SUMMARY:
==557==     in use at exit: 134,413 bytes in 195 blocks
==557==   total heap usage: 390 allocs, 195 frees, 161,695 bytes allocated
==557== 
==557== LEAK SUMMARY:
==557==    definitely lost: 0 bytes in 0 blocks
==557==    indirectly lost: 0 bytes in 0 blocks
==557==      possibly lost: 0 bytes in 0 blocks
==557==    still reachable: 134,413 bytes in 195 blocks
==557==         suppressed: 0 bytes in 0 blocks
==557== Reachable blocks (those to which a pointer was found) are not shown.
==557== To see them, rerun with: --leak-check=full --show-leak-kinds=all
==557== 
==557== For counts of detected and suppressed errors, rerun with: -v
==557== ERROR SUMMARY: 0 errors from 0 contexts (suppressed: 0 from 0)
==== Test 96: echo hi >./outfiles/outfile01 >./test_files/invalid_permission | echo bye ====
==615== Memcheck, a memory error detector
==615== Copyright (C) 2002-2017, and GNU GPL'd, by Julian Seward et al.
==615== Using Valgrind-3.13.0 and LibVEX; rerun with -h for copyright info
==615== Command: ../minishell
==615== Parent PID: 613
==615== 
==624== 
==624== HEAP SUMMARY:
==624==     in use at exit: 138,929 bytes in 268 blocks
==624==   total heap usage: 450 allocs, 182 frees, 162,695 bytes allocated
==624== 
==624== LEAK SUMMARY:
==624==    definitely lost: 0 bytes in 0 blocks
==624==    indirectly lost: 0 bytes in 0 blocks
==624==      possibly lost: 0 bytes in 0 blocks
==624==    still reachable: 138,929 bytes in 268 blocks
==624==         suppressed: 0 bytes in 0 blocks
==624== Reachable blocks (those to which a pointer was found) are not shown.
==624== To see them, rerun with: --leak-check=full --show-leak-kinds=all
==624== 
==624== For counts of detected and suppressed errors, rerun with: -v
==624== ERROR SUMMARY: 0 errors from 0 contexts (suppressed: 0 from 0)
==625== 
==625== HEAP SUMMARY:
==625==     in use at exit: 138,866 bytes in 267 blocks
==625==   total heap usage: 409 allocs, 142 frees, 161,833 bytes allocated
==625== 
==625== LEAK SUMMARY:
==625==    definitely lost: 0 bytes in 0 blocks
==625==    indirectly lost: 0 bytes in 0 blocks
==625==      possibly lost: 0 bytes in 0 blocks
==625==    still reachable: 138,866 bytes in 267 blocks
==625==         suppressed: 0 bytes in 0 blocks
==625== Reachable blocks (those to which a pointer was found) are not shown.
==625== To see them, rerun with: --leak-check=full --show-leak-kinds=all
==625== 
==625== For counts of detected and suppressed errors, rerun with: -v
==625== ERROR SUMMARY: 0 errors from 0 contexts (suppressed: 0 from 0)
==615== 
==615== HEAP SUMMARY:
==615==     in use at exit: 134,424 bytes in 195 blocks
==615==   total heap usage: 390 allocs, 195 frees, 161,728 bytes allocated
==615== 
==615== LEAK SUMMARY:
==615==    definitely lost: 0 bytes in 0 blocks
==615==    indirectly lost: 0 bytes in 0 blocks
==615==      possibly lost: 0 bytes in 0 blocks
==615==    still reachable: 134,424 bytes in 195 blocks
==615==         suppressed: 0 bytes in 0 blocks
==615== Reachable blocks (those to which a pointer was found) are not shown.
==615== To see them, rerun with: --leak-check=full --show-leak-kinds=all
==615== 
==615== For counts of detected and suppressed errors, rerun with: -v
==615== ERROR SUMMARY: 0 errors from 0 contexts (suppressed: 0 from 0)
==== Test 97: echo hi >./test_files/invalid_permission | echo bye ====
==668== Memcheck, a memory error detector
==668== Copyright (C) 2002-2017, and GNU GPL'd, by Julian Seward et al.
==668== Using Valgrind-3.13.0 and LibVEX; rerun with -h for copyright info
==668== Command: ../minishell
==668== Parent PID: 666
==668== 
==675== 
==675== HEAP SUMMARY:
==675==     in use at exit: 138,863 bytes in 268 blocks
==675==   total heap usage: 424 allocs, 156 frees, 162,265 bytes allocated
==675== 
==675== LEAK SUMMARY:
==675==    definitely lost: 0 bytes in 0 blocks
==675==    indirectly lost: 0 bytes in 0 blocks
==675==      possibly lost: 0 bytes in 0 blocks
==675==    still reachable: 138,863 bytes in 268 blocks
==675==         suppressed: 0 bytes in 0 blocks
==675== Reachable blocks (those to which a pointer was found) are not shown.
==675== To see them, rerun with: --leak-check=full --show-leak-kinds=all
==675== 
==675== For counts of detected and suppressed errors, rerun with: -v
==675== ERROR SUMMARY: 0 errors from 0 contexts (suppressed: 0 from 0)
==676== 
==676== HEAP SUMMARY:
==676==     in use at exit: 138,822 bytes in 267 blocks
==676==   total heap usage: 408 allocs, 141 frees, 161,735 bytes allocated
==676== 
==676== LEAK SUMMARY:
==676==    definitely lost: 0 bytes in 0 blocks
==676==    indirectly lost: 0 bytes in 0 blocks
==676==      possibly lost: 0 bytes in 0 blocks
==676==    still reachable: 138,822 bytes in 267 blocks
==676==         suppressed: 0 bytes in 0 blocks
==676== Reachable blocks (those to which a pointer was found) are not shown.
==676== To see them, rerun with: --leak-check=full --show-leak-kinds=all
==676== 
==676== For counts of detected and suppressed errors, rerun with: -v
==676== ERROR SUMMARY: 0 errors from 0 contexts (suppressed: 0 from 0)
==668== 
==668== HEAP SUMMARY:
==668==     in use at exit: 134,402 bytes in 195 blocks
==668==   total heap usage: 389 allocs, 194 frees, 161,630 bytes allocated
==668== 
==668== LEAK SUMMARY:
==668==    definitely lost: 0 bytes in 0 blocks
==668==    indirectly lost: 0 bytes in 0 blocks
==668==      possibly lost: 0 bytes in 0 blocks
==668==    still reachable: 134,402 bytes in 195 blocks
==668==         suppressed: 0 bytes in 0 blocks
==668== Reachable blocks (those to which a pointer was found) are not shown.
==668== To see them, rerun with: --leak-check=full --show-leak-kinds=all
==668== 
==668== For counts of detected and suppressed errors, rerun with: -v
==668== ERROR SUMMARY: 0 errors from 0 contexts (suppressed: 0 from 0)
==== Test 98: echo hi >./test_files/invalid_permission >./outfiles/outfile01 | echo bye ====
==721== Memcheck, a memory error detector
==721== Copyright (C) 2002-2017, and GNU GPL'd, by Julian Seward et al.
==721== Using Valgrind-3.13.0 and LibVEX; rerun with -h for copyright info
==721== Command: ../minishell
==721== Parent PID: 719
==721== 
==725== 
==725== HEAP SUMMARY:
==725==     in use at exit: 138,929 bytes in 268 blocks
==725==   total heap usage: 425 allocs, 157 frees, 162,385 bytes allocated
==725== 
==725== LEAK SUMMARY:
==725==    definitely lost: 0 bytes in 0 blocks
==725==    indirectly lost: 0 bytes in 0 blocks
==725==      possibly lost: 0 bytes in 0 blocks
==725==    still reachable: 138,929 bytes in 268 blocks
==725==         suppressed: 0 bytes in 0 blocks
==725== Reachable blocks (those to which a pointer was found) are not shown.
==725== To see them, rerun with: --leak-check=full --show-leak-kinds=all
==725== 
==725== For counts of detected and suppressed errors, rerun with: -v
==725== ERROR SUMMARY: 0 errors from 0 contexts (suppressed: 0 from 0)
==726== 
==726== HEAP SUMMARY:
==726==     in use at exit: 138,866 bytes in 267 blocks
==726==   total heap usage: 409 allocs, 142 frees, 161,833 bytes allocated
==726== 
==726== LEAK SUMMARY:
==726==    definitely lost: 0 bytes in 0 blocks
==726==    indirectly lost: 0 bytes in 0 blocks
==726==      possibly lost: 0 bytes in 0 blocks
==726==    still reachable: 138,866 bytes in 267 blocks
==726==         suppressed: 0 bytes in 0 blocks
==726== Reachable blocks (those to which a pointer was found) are not shown.
==726== To see them, rerun with: --leak-check=full --show-leak-kinds=all
==726== 
==726== For counts of detected and suppressed errors, rerun with: -v
==726== ERROR SUMMARY: 0 errors from 0 contexts (suppressed: 0 from 0)
==721== 
==721== HEAP SUMMARY:
==721==     in use at exit: 134,424 bytes in 195 blocks
==721==   total heap usage: 390 allocs, 195 frees, 161,728 bytes allocated
==721== 
==721== LEAK SUMMARY:
==721==    definitely lost: 0 bytes in 0 blocks
==721==    indirectly lost: 0 bytes in 0 blocks
==721==      possibly lost: 0 bytes in 0 blocks
==721==    still reachable: 134,424 bytes in 195 blocks
==721==         suppressed: 0 bytes in 0 blocks
==721== Reachable blocks (those to which a pointer was found) are not shown.
==721== To see them, rerun with: --leak-check=full --show-leak-kinds=all
==721== 
==721== For counts of detected and suppressed errors, rerun with: -v
==721== ERROR SUMMARY: 0 errors from 0 contexts (suppressed: 0 from 0)
==== Test 99: echo hi | echo bye >./test_files/invalid_permission ====
==769== Memcheck, a memory error detector
==769== Copyright (C) 2002-2017, and GNU GPL'd, by Julian Seward et al.
==769== Using Valgrind-3.13.0 and LibVEX; rerun with -h for copyright info
==769== Command: ../minishell
==769== Parent PID: 767
==769== 
==774== 
==774== HEAP SUMMARY:
==774==     in use at exit: 138,864 bytes in 268 blocks
==774==   total heap usage: 424 allocs, 156 frees, 162,266 bytes allocated
==774== 
==774== LEAK SUMMARY:
==774==    definitely lost: 0 bytes in 0 blocks
==774==    indirectly lost: 0 bytes in 0 blocks
==774==      possibly lost: 0 bytes in 0 blocks
==774==    still reachable: 138,864 bytes in 268 blocks
==774==         suppressed: 0 bytes in 0 blocks
==774== Reachable blocks (those to which a pointer was found) are not shown.
==774== To see them, rerun with: --leak-check=full --show-leak-kinds=all
==774== 
==774== For counts of detected and suppressed errors, rerun with: -v
==774== ERROR SUMMARY: 0 errors from 0 contexts (suppressed: 0 from 0)
==773== 
==773== HEAP SUMMARY:
==773==     in use at exit: 138,822 bytes in 267 blocks
==773==   total heap usage: 407 allocs, 140 frees, 161,726 bytes allocated
==773== 
==773== LEAK SUMMARY:
==773==    definitely lost: 0 bytes in 0 blocks
==773==    indirectly lost: 0 bytes in 0 blocks
==773==      possibly lost: 0 bytes in 0 blocks
==773==    still reachable: 138,822 bytes in 267 blocks
==773==         suppressed: 0 bytes in 0 blocks
==773== Reachable blocks (those to which a pointer was found) are not shown.
==773== To see them, rerun with: --leak-check=full --show-leak-kinds=all
==773== 
==773== For counts of detected and suppressed errors, rerun with: -v
==773== ERROR SUMMARY: 0 errors from 0 contexts (suppressed: 0 from 0)
==769== 
==769== HEAP SUMMARY:
==769==     in use at exit: 134,402 bytes in 195 blocks
==769==   total heap usage: 389 allocs, 194 frees, 161,630 bytes allocated
==769== 
==769== LEAK SUMMARY:
==769==    definitely lost: 0 bytes in 0 blocks
==769==    indirectly lost: 0 bytes in 0 blocks
==769==      possibly lost: 0 bytes in 0 blocks
==769==    still reachable: 134,402 bytes in 195 blocks
==769==         suppressed: 0 bytes in 0 blocks
==769== Reachable blocks (those to which a pointer was found) are not shown.
==769== To see them, rerun with: --leak-check=full --show-leak-kinds=all
==769== 
==769== For counts of detected and suppressed errors, rerun with: -v
==769== ERROR SUMMARY: 0 errors from 0 contexts (suppressed: 0 from 0)
==== Test 100: echo hi | >./outfiles/outfile01 echo bye >./test_files/invalid_permission ====
==818== Memcheck, a memory error detector
==818== Copyright (C) 2002-2017, and GNU GPL'd, by Julian Seward et al.
==818== Using Valgrind-3.13.0 and LibVEX; rerun with -h for copyright info
==818== Command: ../minishell
==818== Parent PID: 816
==818== 
==834== 
==834== HEAP SUMMARY:
==834==     in use at exit: 138,930 bytes in 268 blocks
==834==   total heap usage: 450 allocs, 182 frees, 162,696 bytes allocated
==834== 
==834== LEAK SUMMARY:
==834==    definitely lost: 0 bytes in 0 blocks
==834==    indirectly lost: 0 bytes in 0 blocks
==834==      possibly lost: 0 bytes in 0 blocks
==834==    still reachable: 138,930 bytes in 268 blocks
==834==         suppressed: 0 bytes in 0 blocks
==834== Reachable blocks (those to which a pointer was found) are not shown.
==834== To see them, rerun with: --leak-check=full --show-leak-kinds=all
==834== 
==834== For counts of detected and suppressed errors, rerun with: -v
==834== ERROR SUMMARY: 0 errors from 0 contexts (suppressed: 0 from 0)
==832== 
==832== HEAP SUMMARY:
==832==     in use at exit: 138,866 bytes in 267 blocks
==832==   total heap usage: 408 allocs, 141 frees, 161,824 bytes allocated
==832== 
==832== LEAK SUMMARY:
==832==    definitely lost: 0 bytes in 0 blocks
==832==    indirectly lost: 0 bytes in 0 blocks
==832==      possibly lost: 0 bytes in 0 blocks
==832==    still reachable: 138,866 bytes in 267 blocks
==832==         suppressed: 0 bytes in 0 blocks
==832== Reachable blocks (those to which a pointer was found) are not shown.
==832== To see them, rerun with: --leak-check=full --show-leak-kinds=all
==832== 
==832== For counts of detected and suppressed errors, rerun with: -v
==832== ERROR SUMMARY: 0 errors from 0 contexts (suppressed: 0 from 0)
==818== 
==818== HEAP SUMMARY:
==818==     in use at exit: 134,424 bytes in 195 blocks
==818==   total heap usage: 390 allocs, 195 frees, 161,728 bytes allocated
==818== 
==818== LEAK SUMMARY:
==818==    definitely lost: 0 bytes in 0 blocks
==818==    indirectly lost: 0 bytes in 0 blocks
==818==      possibly lost: 0 bytes in 0 blocks
==818==    still reachable: 134,424 bytes in 195 blocks
==818==         suppressed: 0 bytes in 0 blocks
==818== Reachable blocks (those to which a pointer was found) are not shown.
==818== To see them, rerun with: --leak-check=full --show-leak-kinds=all
==818== 
==818== For counts of detected and suppressed errors, rerun with: -v
==818== ERROR SUMMARY: 0 errors from 0 contexts (suppressed: 0 from 0)
==== Test 101: echo hi | echo bye >./test_files/invalid_permission >./outfiles/outfile01 ====
==903== Memcheck, a memory error detector
==903== Copyright (C) 2002-2017, and GNU GPL'd, by Julian Seward et al.
==903== Using Valgrind-3.13.0 and LibVEX; rerun with -h for copyright info
==903== Command: ../minishell
==903== Parent PID: 901
==903== 
==913== 
==913== HEAP SUMMARY:
==913==     in use at exit: 138,930 bytes in 268 blocks
==913==   total heap usage: 425 allocs, 157 frees, 162,386 bytes allocated
==913== 
==913== LEAK SUMMARY:
==913==    definitely lost: 0 bytes in 0 blocks
==913==    indirectly lost: 0 bytes in 0 blocks
==913==      possibly lost: 0 bytes in 0 blocks
==913==    still reachable: 138,930 bytes in 268 blocks
==913==         suppressed: 0 bytes in 0 blocks
==913== Reachable blocks (those to which a pointer was found) are not shown.
==913== To see them, rerun with: --leak-check=full --show-leak-kinds=all
==913== 
==913== For counts of detected and suppressed errors, rerun with: -v
==913== ERROR SUMMARY: 0 errors from 0 contexts (suppressed: 0 from 0)
==912== 
==912== HEAP SUMMARY:
==912==     in use at exit: 138,866 bytes in 267 blocks
==912==   total heap usage: 408 allocs, 141 frees, 161,824 bytes allocated
==912== 
==912== LEAK SUMMARY:
==912==    definitely lost: 0 bytes in 0 blocks
==912==    indirectly lost: 0 bytes in 0 blocks
==912==      possibly lost: 0 bytes in 0 blocks
==912==    still reachable: 138,866 bytes in 267 blocks
==912==         suppressed: 0 bytes in 0 blocks
==912== Reachable blocks (those to which a pointer was found) are not shown.
==912== To see them, rerun with: --leak-check=full --show-leak-kinds=all
==912== 
==912== For counts of detected and suppressed errors, rerun with: -v
==912== ERROR SUMMARY: 0 errors from 0 contexts (suppressed: 0 from 0)
==903== 
==903== HEAP SUMMARY:
==903==     in use at exit: 134,424 bytes in 195 blocks
==903==   total heap usage: 390 allocs, 195 frees, 161,728 bytes allocated
==903== 
==903== LEAK SUMMARY:
==903==    definitely lost: 0 bytes in 0 blocks
==903==    indirectly lost: 0 bytes in 0 blocks
==903==      possibly lost: 0 bytes in 0 blocks
==903==    still reachable: 134,424 bytes in 195 blocks
==903==         suppressed: 0 bytes in 0 blocks
==903== Reachable blocks (those to which a pointer was found) are not shown.
==903== To see them, rerun with: --leak-check=full --show-leak-kinds=all
==903== 
==903== For counts of detected and suppressed errors, rerun with: -v
==903== ERROR SUMMARY: 0 errors from 0 contexts (suppressed: 0 from 0)
==== Test 102: cat <"./test_files/infile" >./test_files/invalid_permission ====
==963== Memcheck, a memory error detector
==963== Copyright (C) 2002-2017, and GNU GPL'd, by Julian Seward et al.
==963== Using Valgrind-3.13.0 and LibVEX; rerun with -h for copyright info
==963== Command: ../minishell
==963== Parent PID: 961
==963== 
==971== 
==971== HEAP SUMMARY:
==971==     in use at exit: 138,827 bytes in 267 blocks
==971==   total heap usage: 476 allocs, 209 frees, 162,837 bytes allocated
==971== 
==971== LEAK SUMMARY:
==971==    definitely lost: 0 bytes in 0 blocks
==971==    indirectly lost: 0 bytes in 0 blocks
==971==      possibly lost: 0 bytes in 0 blocks
==971==    still reachable: 138,827 bytes in 267 blocks
==971==         suppressed: 0 bytes in 0 blocks
==971== Reachable blocks (those to which a pointer was found) are not shown.
==971== To see them, rerun with: --leak-check=full --show-leak-kinds=all
==971== 
==971== For counts of detected and suppressed errors, rerun with: -v
==971== ERROR SUMMARY: 0 errors from 0 contexts (suppressed: 0 from 0)
==963== 
==963== HEAP SUMMARY:
==963==     in use at exit: 134,410 bytes in 195 blocks
==963==   total heap usage: 396 allocs, 201 frees, 161,700 bytes allocated
==963== 
==963== LEAK SUMMARY:
==963==    definitely lost: 0 bytes in 0 blocks
==963==    indirectly lost: 0 bytes in 0 blocks
==963==      possibly lost: 0 bytes in 0 blocks
==963==    still reachable: 134,410 bytes in 195 blocks
==963==         suppressed: 0 bytes in 0 blocks
==963== Reachable blocks (those to which a pointer was found) are not shown.
==963== To see them, rerun with: --leak-check=full --show-leak-kinds=all
==963== 
==963== For counts of detected and suppressed errors, rerun with: -v
==963== ERROR SUMMARY: 0 errors from 0 contexts (suppressed: 0 from 0)
==== Test 103: cat >./test_files/invalid_permission <"./test_files/infile" ====
==1043== Memcheck, a memory error detector
==1043== Copyright (C) 2002-2017, and GNU GPL'd, by Julian Seward et al.
==1043== Using Valgrind-3.13.0 and LibVEX; rerun with -h for copyright info
==1043== Command: ../minishell
==1043== Parent PID: 1041
==1043== 
==1047== 
==1047== HEAP SUMMARY:
==1047==     in use at exit: 138,827 bytes in 267 blocks
==1047==   total heap usage: 476 allocs, 209 frees, 162,837 bytes allocated
==1047== 
==1047== LEAK SUMMARY:
==1047==    definitely lost: 0 bytes in 0 blocks
==1047==    indirectly lost: 0 bytes in 0 blocks
==1047==      possibly lost: 0 bytes in 0 blocks
==1047==    still reachable: 138,827 bytes in 267 blocks
==1047==         suppressed: 0 bytes in 0 blocks
==1047== Reachable blocks (those to which a pointer was found) are not shown.
==1047== To see them, rerun with: --leak-check=full --show-leak-kinds=all
==1047== 
==1047== For counts of detected and suppressed errors, rerun with: -v
==1047== ERROR SUMMARY: 0 errors from 0 contexts (suppressed: 0 from 0)
==1043== 
==1043== HEAP SUMMARY:
==1043==     in use at exit: 134,410 bytes in 195 blocks
==1043==   total heap usage: 396 allocs, 201 frees, 161,700 bytes allocated
==1043== 
==1043== LEAK SUMMARY:
==1043==    definitely lost: 0 bytes in 0 blocks
==1043==    indirectly lost: 0 bytes in 0 blocks
==1043==      possibly lost: 0 bytes in 0 blocks
==1043==    still reachable: 134,410 bytes in 195 blocks
==1043==         suppressed: 0 bytes in 0 blocks
==1043== Reachable blocks (those to which a pointer was found) are not shown.
==1043== To see them, rerun with: --leak-check=full --show-leak-kinds=all
==1043== 
==1043== For counts of detected and suppressed errors, rerun with: -v
==1043== ERROR SUMMARY: 0 errors from 0 contexts (suppressed: 0 from 0)
==== Test 104: cat <missing >./outfiles/outfile01 ====
==1101== Memcheck, a memory error detector
==1101== Copyright (C) 2002-2017, and GNU GPL'd, by Julian Seward et al.
==1101== Using Valgrind-3.13.0 and LibVEX; rerun with -h for copyright info
==1101== Command: ../minishell
==1101== Parent PID: 1099
==1101== 
==1122== 
==1122== HEAP SUMMARY:
==1122==     in use at exit: 138,777 bytes in 267 blocks
==1122==   total heap usage: 405 allocs, 138 frees, 161,623 bytes allocated
==1122== 
==1122== LEAK SUMMARY:
==1122==    definitely lost: 0 bytes in 0 blocks
==1122==    indirectly lost: 0 bytes in 0 blocks
==1122==      possibly lost: 0 bytes in 0 blocks
==1122==    still reachable: 138,777 bytes in 267 blocks
==1122==         suppressed: 0 bytes in 0 blocks
==1122== Reachable blocks (those to which a pointer was found) are not shown.
==1122== To see them, rerun with: --leak-check=full --show-leak-kinds=all
==1122== 
==1122== For counts of detected and suppressed errors, rerun with: -v
==1122== ERROR SUMMARY: 0 errors from 0 contexts (suppressed: 0 from 0)
==1101== 
==1101== HEAP SUMMARY:
==1101==     in use at exit: 134,385 bytes in 195 blocks
==1101==   total heap usage: 395 allocs, 200 frees, 161,593 bytes allocated
==1101== 
==1101== LEAK SUMMARY:
==1101==    definitely lost: 0 bytes in 0 blocks
==1101==    indirectly lost: 0 bytes in 0 blocks
==1101==      possibly lost: 0 bytes in 0 blocks
==1101==    still reachable: 134,385 bytes in 195 blocks
==1101==         suppressed: 0 bytes in 0 blocks
==1101== Reachable blocks (those to which a pointer was found) are not shown.
==1101== To see them, rerun with: --leak-check=full --show-leak-kinds=all
==1101== 
==1101== For counts of detected and suppressed errors, rerun with: -v
==1101== ERROR SUMMARY: 0 errors from 0 contexts (suppressed: 0 from 0)
==== Test 105: cat >./outfiles/outfile01 <missing ====
==1174== Memcheck, a memory error detector
==1174== Copyright (C) 2002-2017, and GNU GPL'd, by Julian Seward et al.
==1174== Using Valgrind-3.13.0 and LibVEX; rerun with -h for copyright info
==1174== Command: ../minishell
==1174== Parent PID: 1172
==1174== 
==1220== 
==1220== HEAP SUMMARY:
==1220==     in use at exit: 138,777 bytes in 267 blocks
==1220==   total heap usage: 405 allocs, 138 frees, 161,623 bytes allocated
==1220== 
==1220== LEAK SUMMARY:
==1220==    definitely lost: 0 bytes in 0 blocks
==1220==    indirectly lost: 0 bytes in 0 blocks
==1220==      possibly lost: 0 bytes in 0 blocks
==1220==    still reachable: 138,777 bytes in 267 blocks
==1220==         suppressed: 0 bytes in 0 blocks
==1220== Reachable blocks (those to which a pointer was found) are not shown.
==1220== To see them, rerun with: --leak-check=full --show-leak-kinds=all
==1220== 
==1220== For counts of detected and suppressed errors, rerun with: -v
==1220== ERROR SUMMARY: 0 errors from 0 contexts (suppressed: 0 from 0)
==1174== 
==1174== HEAP SUMMARY:
==1174==     in use at exit: 134,385 bytes in 195 blocks
==1174==   total heap usage: 395 allocs, 200 frees, 161,593 bytes allocated
==1174== 
==1174== LEAK SUMMARY:
==1174==    definitely lost: 0 bytes in 0 blocks
==1174==    indirectly lost: 0 bytes in 0 blocks
==1174==      possibly lost: 0 bytes in 0 blocks
==1174==    still reachable: 134,385 bytes in 195 blocks
==1174==         suppressed: 0 bytes in 0 blocks
==1174== Reachable blocks (those to which a pointer was found) are not shown.
==1174== To see them, rerun with: --leak-check=full --show-leak-kinds=all
==1174== 
==1174== For counts of detected and suppressed errors, rerun with: -v
==1174== ERROR SUMMARY: 0 errors from 0 contexts (suppressed: 0 from 0)
==== Test 106: cat <missing >./test_files/invalid_permission ====
==1368== Memcheck, a memory error detector
==1368== Copyright (C) 2002-2017, and GNU GPL'd, by Julian Seward et al.
==1368== Using Valgrind-3.13.0 and LibVEX; rerun with -h for copyright info
==1368== Command: ../minishell
==1368== Parent PID: 1366
==1368== 
==1377== 
==1377== HEAP SUMMARY:
==1377==     in use at exit: 138,799 bytes in 267 blocks
==1377==   total heap usage: 406 allocs, 139 frees, 161,688 bytes allocated
==1377== 
==1377== LEAK SUMMARY:
==1377==    definitely lost: 0 bytes in 0 blocks
==1377==    indirectly lost: 0 bytes in 0 blocks
==1377==      possibly lost: 0 bytes in 0 blocks
==1377==    still reachable: 138,799 bytes in 267 blocks
==1377==         suppressed: 0 bytes in 0 blocks
==1377== Reachable blocks (those to which a pointer was found) are not shown.
==1377== To see them, rerun with: --leak-check=full --show-leak-kinds=all
==1377== 
==1377== For counts of detected and suppressed errors, rerun with: -v
==1377== ERROR SUMMARY: 0 errors from 0 contexts (suppressed: 0 from 0)
==1368== 
==1368== HEAP SUMMARY:
==1368==     in use at exit: 134,396 bytes in 195 blocks
==1368==   total heap usage: 396 allocs, 201 frees, 161,658 bytes allocated
==1368== 
==1368== LEAK SUMMARY:
==1368==    definitely lost: 0 bytes in 0 blocks
==1368==    indirectly lost: 0 bytes in 0 blocks
==1368==      possibly lost: 0 bytes in 0 blocks
==1368==    still reachable: 134,396 bytes in 195 blocks
==1368==         suppressed: 0 bytes in 0 blocks
==1368== Reachable blocks (those to which a pointer was found) are not shown.
==1368== To see them, rerun with: --leak-check=full --show-leak-kinds=all
==1368== 
==1368== For counts of detected and suppressed errors, rerun with: -v
==1368== ERROR SUMMARY: 0 errors from 0 contexts (suppressed: 0 from 0)
==== Test 107: cat >./test_files/invalid_permission <missing ====
==1416== Memcheck, a memory error detector
==1416== Copyright (C) 2002-2017, and GNU GPL'd, by Julian Seward et al.
==1416== Using Valgrind-3.13.0 and LibVEX; rerun with -h for copyright info
==1416== Command: ../minishell
==1416== Parent PID: 1414
==1416== 
==1420== 
==1420== HEAP SUMMARY:
==1420==     in use at exit: 138,799 bytes in 267 blocks
==1420==   total heap usage: 406 allocs, 139 frees, 161,688 bytes allocated
==1420== 
==1420== LEAK SUMMARY:
==1420==    definitely lost: 0 bytes in 0 blocks
==1420==    indirectly lost: 0 bytes in 0 blocks
==1420==      possibly lost: 0 bytes in 0 blocks
==1420==    still reachable: 138,799 bytes in 267 blocks
==1420==         suppressed: 0 bytes in 0 blocks
==1420== Reachable blocks (those to which a pointer was found) are not shown.
==1420== To see them, rerun with: --leak-check=full --show-leak-kinds=all
==1420== 
==1420== For counts of detected and suppressed errors, rerun with: -v
==1420== ERROR SUMMARY: 0 errors from 0 contexts (suppressed: 0 from 0)
==1416== 
==1416== HEAP SUMMARY:
==1416==     in use at exit: 134,396 bytes in 195 blocks
==1416==   total heap usage: 396 allocs, 201 frees, 161,658 bytes allocated
==1416== 
==1416== LEAK SUMMARY:
==1416==    definitely lost: 0 bytes in 0 blocks
==1416==    indirectly lost: 0 bytes in 0 blocks
==1416==      possibly lost: 0 bytes in 0 blocks
==1416==    still reachable: 134,396 bytes in 195 blocks
==1416==         suppressed: 0 bytes in 0 blocks
==1416== Reachable blocks (those to which a pointer was found) are not shown.
==1416== To see them, rerun with: --leak-check=full --show-leak-kinds=all
==1416== 
==1416== For counts of detected and suppressed errors, rerun with: -v
==1416== ERROR SUMMARY: 0 errors from 0 contexts (suppressed: 0 from 0)
==== Test 108: cat >./outfiles/outfile01 <missing >./test_files/invalid_permission ====
==1464== Memcheck, a memory error detector
==1464== Copyright (C) 2002-2017, and GNU GPL'd, by Julian Seward et al.
==1464== Using Valgrind-3.13.0 and LibVEX; rerun with -h for copyright info
==1464== Command: ../minishell
==1464== Parent PID: 1462
==1464== 
==1468== 
==1468== HEAP SUMMARY:
==1468==     in use at exit: 138,843 bytes in 267 blocks
==1468==   total heap usage: 407 allocs, 140 frees, 161,787 bytes allocated
==1468== 
==1468== LEAK SUMMARY:
==1468==    definitely lost: 0 bytes in 0 blocks
==1468==    indirectly lost: 0 bytes in 0 blocks
==1468==      possibly lost: 0 bytes in 0 blocks
==1468==    still reachable: 138,843 bytes in 267 blocks
==1468==         suppressed: 0 bytes in 0 blocks
==1468== Reachable blocks (those to which a pointer was found) are not shown.
==1468== To see them, rerun with: --leak-check=full --show-leak-kinds=all
==1468== 
==1468== For counts of detected and suppressed errors, rerun with: -v
==1468== ERROR SUMMARY: 0 errors from 0 contexts (suppressed: 0 from 0)
==1464== 
==1464== HEAP SUMMARY:
==1464==     in use at exit: 134,418 bytes in 195 blocks
==1464==   total heap usage: 397 allocs, 202 frees, 161,757 bytes allocated
==1464== 
==1464== LEAK SUMMARY:
==1464==    definitely lost: 0 bytes in 0 blocks
==1464==    indirectly lost: 0 bytes in 0 blocks
==1464==      possibly lost: 0 bytes in 0 blocks
==1464==    still reachable: 134,418 bytes in 195 blocks
==1464==         suppressed: 0 bytes in 0 blocks
==1464== Reachable blocks (those to which a pointer was found) are not shown.
==1464== To see them, rerun with: --leak-check=full --show-leak-kinds=all
==1464== 
==1464== For counts of detected and suppressed errors, rerun with: -v
==1464== ERROR SUMMARY: 0 errors from 0 contexts (suppressed: 0 from 0)
==== Test 109: ls >>./outfiles/outfile01 ====
==1509== Memcheck, a memory error detector
==1509== Copyright (C) 2002-2017, and GNU GPL'd, by Julian Seward et al.
==1509== Using Valgrind-3.13.0 and LibVEX; rerun with -h for copyright info
==1509== Command: ../minishell
==1509== Parent PID: 1507
==1509== 
==1513== 
==1513== HEAP SUMMARY:
==1513==     in use at exit: 138,758 bytes in 267 blocks
==1513==   total heap usage: 397 allocs, 130 frees, 161,531 bytes allocated
==1513== 
==1513== LEAK SUMMARY:
==1513==    definitely lost: 0 bytes in 0 blocks
==1513==    indirectly lost: 0 bytes in 0 blocks
==1513==      possibly lost: 0 bytes in 0 blocks
==1513==    still reachable: 138,758 bytes in 267 blocks
==1513==         suppressed: 0 bytes in 0 blocks
==1513== Reachable blocks (those to which a pointer was found) are not shown.
==1513== To see them, rerun with: --leak-check=full --show-leak-kinds=all
==1513== 
==1513== For counts of detected and suppressed errors, rerun with: -v
==1513== ERROR SUMMARY: 0 errors from 0 contexts (suppressed: 0 from 0)
==1509== 
==1509== HEAP SUMMARY:
==1509==     in use at exit: 134,376 bytes in 195 blocks
==1509==   total heap usage: 394 allocs, 199 frees, 161,557 bytes allocated
==1509== 
==1509== LEAK SUMMARY:
==1509==    definitely lost: 0 bytes in 0 blocks
==1509==    indirectly lost: 0 bytes in 0 blocks
==1509==      possibly lost: 0 bytes in 0 blocks
==1509==    still reachable: 134,376 bytes in 195 blocks
==1509==         suppressed: 0 bytes in 0 blocks
==1509== Reachable blocks (those to which a pointer was found) are not shown.
==1509== To see them, rerun with: --leak-check=full --show-leak-kinds=all
==1509== 
==1509== For counts of detected and suppressed errors, rerun with: -v
==1509== ERROR SUMMARY: 0 errors from 0 contexts (suppressed: 0 from 0)
==== Test 110: ls >>      ./outfiles/outfile01 ====
==1554== Memcheck, a memory error detector
==1554== Copyright (C) 2002-2017, and GNU GPL'd, by Julian Seward et al.
==1554== Using Valgrind-3.13.0 and LibVEX; rerun with -h for copyright info
==1554== Command: ../minishell
==1554== Parent PID: 1552
==1554== 
==1568== 
==1568== HEAP SUMMARY:
==1568==     in use at exit: 138,770 bytes in 267 blocks
==1568==   total heap usage: 397 allocs, 130 frees, 161,549 bytes allocated
==1568== 
==1568== LEAK SUMMARY:
==1568==    definitely lost: 0 bytes in 0 blocks
==1568==    indirectly lost: 0 bytes in 0 blocks
==1568==      possibly lost: 0 bytes in 0 blocks
==1568==    still reachable: 138,770 bytes in 267 blocks
==1568==         suppressed: 0 bytes in 0 blocks
==1568== Reachable blocks (those to which a pointer was found) are not shown.
==1568== To see them, rerun with: --leak-check=full --show-leak-kinds=all
==1568== 
==1568== For counts of detected and suppressed errors, rerun with: -v
==1568== ERROR SUMMARY: 0 errors from 0 contexts (suppressed: 0 from 0)
==1554== 
==1554== HEAP SUMMARY:
==1554==     in use at exit: 134,382 bytes in 195 blocks
==1554==   total heap usage: 394 allocs, 199 frees, 161,575 bytes allocated
==1554== 
==1554== LEAK SUMMARY:
==1554==    definitely lost: 0 bytes in 0 blocks
==1554==    indirectly lost: 0 bytes in 0 blocks
==1554==      possibly lost: 0 bytes in 0 blocks
==1554==    still reachable: 134,382 bytes in 195 blocks
==1554==         suppressed: 0 bytes in 0 blocks
==1554== Reachable blocks (those to which a pointer was found) are not shown.
==1554== To see them, rerun with: --leak-check=full --show-leak-kinds=all
==1554== 
==1554== For counts of detected and suppressed errors, rerun with: -v
==1554== ERROR SUMMARY: 0 errors from 0 contexts (suppressed: 0 from 0)
==== Test 111: ls >>./outfiles/outfile01 >./outfiles/outfile01 ====
==1609== Memcheck, a memory error detector
==1609== Copyright (C) 2002-2017, and GNU GPL'd, by Julian Seward et al.
==1609== Using Valgrind-3.13.0 and LibVEX; rerun with -h for copyright info
==1609== Command: ../minishell
==1609== Parent PID: 1607
==1609== 
==1618== 
==1618== HEAP SUMMARY:
==1618==     in use at exit: 138,802 bytes in 267 blocks
==1618==   total heap usage: 398 allocs, 131 frees, 161,630 bytes allocated
==1618== 
==1618== LEAK SUMMARY:
==1618==    definitely lost: 0 bytes in 0 blocks
==1618==    indirectly lost: 0 bytes in 0 blocks
==1618==      possibly lost: 0 bytes in 0 blocks
==1618==    still reachable: 138,802 bytes in 267 blocks
==1618==         suppressed: 0 bytes in 0 blocks
==1618== Reachable blocks (those to which a pointer was found) are not shown.
==1618== To see them, rerun with: --leak-check=full --show-leak-kinds=all
==1618== 
==1618== For counts of detected and suppressed errors, rerun with: -v
==1618== ERROR SUMMARY: 0 errors from 0 contexts (suppressed: 0 from 0)
==1609== 
==1609== HEAP SUMMARY:
==1609==     in use at exit: 134,398 bytes in 195 blocks
==1609==   total heap usage: 395 allocs, 200 frees, 161,656 bytes allocated
==1609== 
==1609== LEAK SUMMARY:
==1609==    definitely lost: 0 bytes in 0 blocks
==1609==    indirectly lost: 0 bytes in 0 blocks
==1609==      possibly lost: 0 bytes in 0 blocks
==1609==    still reachable: 134,398 bytes in 195 blocks
==1609==         suppressed: 0 bytes in 0 blocks
==1609== Reachable blocks (those to which a pointer was found) are not shown.
==1609== To see them, rerun with: --leak-check=full --show-leak-kinds=all
==1609== 
==1609== For counts of detected and suppressed errors, rerun with: -v
==1609== ERROR SUMMARY: 0 errors from 0 contexts (suppressed: 0 from 0)
==== Test 112: ls >./outfiles/outfile01 >>./outfiles/outfile01 ====
==1659== Memcheck, a memory error detector
==1659== Copyright (C) 2002-2017, and GNU GPL'd, by Julian Seward et al.
==1659== Using Valgrind-3.13.0 and LibVEX; rerun with -h for copyright info
==1659== Command: ../minishell
==1659== Parent PID: 1657
==1659== 
==1665== 
==1665== HEAP SUMMARY:
==1665==     in use at exit: 138,802 bytes in 267 blocks
==1665==   total heap usage: 423 allocs, 156 frees, 161,940 bytes allocated
==1665== 
==1665== LEAK SUMMARY:
==1665==    definitely lost: 0 bytes in 0 blocks
==1665==    indirectly lost: 0 bytes in 0 blocks
==1665==      possibly lost: 0 bytes in 0 blocks
==1665==    still reachable: 138,802 bytes in 267 blocks
==1665==         suppressed: 0 bytes in 0 blocks
==1665== Reachable blocks (those to which a pointer was found) are not shown.
==1665== To see them, rerun with: --leak-check=full --show-leak-kinds=all
==1665== 
==1665== For counts of detected and suppressed errors, rerun with: -v
==1665== ERROR SUMMARY: 0 errors from 0 contexts (suppressed: 0 from 0)
==1659== 
==1659== HEAP SUMMARY:
==1659==     in use at exit: 134,398 bytes in 195 blocks
==1659==   total heap usage: 395 allocs, 200 frees, 161,656 bytes allocated
==1659== 
==1659== LEAK SUMMARY:
==1659==    definitely lost: 0 bytes in 0 blocks
==1659==    indirectly lost: 0 bytes in 0 blocks
==1659==      possibly lost: 0 bytes in 0 blocks
==1659==    still reachable: 134,398 bytes in 195 blocks
==1659==         suppressed: 0 bytes in 0 blocks
==1659== Reachable blocks (those to which a pointer was found) are not shown.
==1659== To see them, rerun with: --leak-check=full --show-leak-kinds=all
==1659== 
==1659== For counts of detected and suppressed errors, rerun with: -v
==1659== ERROR SUMMARY: 0 errors from 0 contexts (suppressed: 0 from 0)
==== Test 113: ls >./outfiles/outfile01 >>./outfiles/outfile01 >./outfiles/outfile02 ====
==1706== Memcheck, a memory error detector
==1706== Copyright (C) 2002-2017, and GNU GPL'd, by Julian Seward et al.
==1706== Using Valgrind-3.13.0 and LibVEX; rerun with -h for copyright info
==1706== Command: ../minishell
==1706== Parent PID: 1704
==1706== 
==1710== 
==1710== HEAP SUMMARY:
==1710==     in use at exit: 138,846 bytes in 267 blocks
==1710==   total heap usage: 424 allocs, 157 frees, 162,039 bytes allocated
==1710== 
==1710== LEAK SUMMARY:
==1710==    definitely lost: 0 bytes in 0 blocks
==1710==    indirectly lost: 0 bytes in 0 blocks
==1710==      possibly lost: 0 bytes in 0 blocks
==1710==    still reachable: 138,846 bytes in 267 blocks
==1710==         suppressed: 0 bytes in 0 blocks
==1710== Reachable blocks (those to which a pointer was found) are not shown.
==1710== To see them, rerun with: --leak-check=full --show-leak-kinds=all
==1710== 
==1710== For counts of detected and suppressed errors, rerun with: -v
==1710== ERROR SUMMARY: 0 errors from 0 contexts (suppressed: 0 from 0)
==1706== 
==1706== HEAP SUMMARY:
==1706==     in use at exit: 134,420 bytes in 195 blocks
==1706==   total heap usage: 396 allocs, 201 frees, 161,755 bytes allocated
==1706== 
==1706== LEAK SUMMARY:
==1706==    definitely lost: 0 bytes in 0 blocks
==1706==    indirectly lost: 0 bytes in 0 blocks
==1706==      possibly lost: 0 bytes in 0 blocks
==1706==    still reachable: 134,420 bytes in 195 blocks
==1706==         suppressed: 0 bytes in 0 blocks
==1706== Reachable blocks (those to which a pointer was found) are not shown.
==1706== To see them, rerun with: --leak-check=full --show-leak-kinds=all
==1706== 
==1706== For counts of detected and suppressed errors, rerun with: -v
==1706== ERROR SUMMARY: 0 errors from 0 contexts (suppressed: 0 from 0)
==== Test 114: ls >>./outfiles/outfile01 >>./outfiles/outfile02 ====
==1751== Memcheck, a memory error detector
==1751== Copyright (C) 2002-2017, and GNU GPL'd, by Julian Seward et al.
==1751== Using Valgrind-3.13.0 and LibVEX; rerun with -h for copyright info
==1751== Command: ../minishell
==1751== Parent PID: 1749
==1751== 
==1755== 
==1755== HEAP SUMMARY:
==1755==     in use at exit: 138,804 bytes in 267 blocks
==1755==   total heap usage: 398 allocs, 131 frees, 161,633 bytes allocated
==1755== 
==1755== LEAK SUMMARY:
==1755==    definitely lost: 0 bytes in 0 blocks
==1755==    indirectly lost: 0 bytes in 0 blocks
==1755==      possibly lost: 0 bytes in 0 blocks
==1755==    still reachable: 138,804 bytes in 267 blocks
==1755==         suppressed: 0 bytes in 0 blocks
==1755== Reachable blocks (those to which a pointer was found) are not shown.
==1755== To see them, rerun with: --leak-check=full --show-leak-kinds=all
==1755== 
==1755== For counts of detected and suppressed errors, rerun with: -v
==1755== ERROR SUMMARY: 0 errors from 0 contexts (suppressed: 0 from 0)
==1751== 
==1751== HEAP SUMMARY:
==1751==     in use at exit: 134,399 bytes in 195 blocks
==1751==   total heap usage: 395 allocs, 200 frees, 161,659 bytes allocated
==1751== 
==1751== LEAK SUMMARY:
==1751==    definitely lost: 0 bytes in 0 blocks
==1751==    indirectly lost: 0 bytes in 0 blocks
==1751==      possibly lost: 0 bytes in 0 blocks
==1751==    still reachable: 134,399 bytes in 195 blocks
==1751==         suppressed: 0 bytes in 0 blocks
==1751== Reachable blocks (those to which a pointer was found) are not shown.
==1751== To see them, rerun with: --leak-check=full --show-leak-kinds=all
==1751== 
==1751== For counts of detected and suppressed errors, rerun with: -v
==1751== ERROR SUMMARY: 0 errors from 0 contexts (suppressed: 0 from 0)
==== Test 115: ls >>./test_files/invalid_permission ====
==1796== Memcheck, a memory error detector
==1796== Copyright (C) 2002-2017, and GNU GPL'd, by Julian Seward et al.
==1796== Using Valgrind-3.13.0 and LibVEX; rerun with -h for copyright info
==1796== Command: ../minishell
==1796== Parent PID: 1794
==1796== 
==1810== 
==1810== HEAP SUMMARY:
==1810==     in use at exit: 138,780 bytes in 267 blocks
==1810==   total heap usage: 397 allocs, 130 frees, 161,564 bytes allocated
==1810== 
==1810== LEAK SUMMARY:
==1810==    definitely lost: 0 bytes in 0 blocks
==1810==    indirectly lost: 0 bytes in 0 blocks
==1810==      possibly lost: 0 bytes in 0 blocks
==1810==    still reachable: 138,780 bytes in 267 blocks
==1810==         suppressed: 0 bytes in 0 blocks
==1810== Reachable blocks (those to which a pointer was found) are not shown.
==1810== To see them, rerun with: --leak-check=full --show-leak-kinds=all
==1810== 
==1810== For counts of detected and suppressed errors, rerun with: -v
==1810== ERROR SUMMARY: 0 errors from 0 contexts (suppressed: 0 from 0)
==1796== 
==1796== HEAP SUMMARY:
==1796==     in use at exit: 134,387 bytes in 195 blocks
==1796==   total heap usage: 394 allocs, 199 frees, 161,590 bytes allocated
==1796== 
==1796== LEAK SUMMARY:
==1796==    definitely lost: 0 bytes in 0 blocks
==1796==    indirectly lost: 0 bytes in 0 blocks
==1796==      possibly lost: 0 bytes in 0 blocks
==1796==    still reachable: 134,387 bytes in 195 blocks
==1796==         suppressed: 0 bytes in 0 blocks
==1796== Reachable blocks (those to which a pointer was found) are not shown.
==1796== To see them, rerun with: --leak-check=full --show-leak-kinds=all
==1796== 
==1796== For counts of detected and suppressed errors, rerun with: -v
==1796== ERROR SUMMARY: 0 errors from 0 contexts (suppressed: 0 from 0)
==== Test 116: ls >>./test_files/invalid_permission >>./outfiles/outfile01 ====
==1849== Memcheck, a memory error detector
==1849== Copyright (C) 2002-2017, and GNU GPL'd, by Julian Seward et al.
==1849== Using Valgrind-3.13.0 and LibVEX; rerun with -h for copyright info
==1849== Command: ../minishell
==1849== Parent PID: 1847
==1849== 
==1858== 
==1858== HEAP SUMMARY:
==1858==     in use at exit: 138,826 bytes in 267 blocks
==1858==   total heap usage: 398 allocs, 131 frees, 161,666 bytes allocated
==1858== 
==1858== LEAK SUMMARY:
==1858==    definitely lost: 0 bytes in 0 blocks
==1858==    indirectly lost: 0 bytes in 0 blocks
==1858==      possibly lost: 0 bytes in 0 blocks
==1858==    still reachable: 138,826 bytes in 267 blocks
==1858==         suppressed: 0 bytes in 0 blocks
==1858== Reachable blocks (those to which a pointer was found) are not shown.
==1858== To see them, rerun with: --leak-check=full --show-leak-kinds=all
==1858== 
==1858== For counts of detected and suppressed errors, rerun with: -v
==1858== ERROR SUMMARY: 0 errors from 0 contexts (suppressed: 0 from 0)
==1849== 
==1849== HEAP SUMMARY:
==1849==     in use at exit: 134,410 bytes in 195 blocks
==1849==   total heap usage: 395 allocs, 200 frees, 161,692 bytes allocated
==1849== 
==1849== LEAK SUMMARY:
==1849==    definitely lost: 0 bytes in 0 blocks
==1849==    indirectly lost: 0 bytes in 0 blocks
==1849==      possibly lost: 0 bytes in 0 blocks
==1849==    still reachable: 134,410 bytes in 195 blocks
==1849==         suppressed: 0 bytes in 0 blocks
==1849== Reachable blocks (those to which a pointer was found) are not shown.
==1849== To see them, rerun with: --leak-check=full --show-leak-kinds=all
==1849== 
==1849== For counts of detected and suppressed errors, rerun with: -v
==1849== ERROR SUMMARY: 0 errors from 0 contexts (suppressed: 0 from 0)
==== Test 117: ls >>./outfiles/outfile01 >>./test_files/invalid_permission ====
==1897== Memcheck, a memory error detector
==1897== Copyright (C) 2002-2017, and GNU GPL'd, by Julian Seward et al.
==1897== Using Valgrind-3.13.0 and LibVEX; rerun with -h for copyright info
==1897== Command: ../minishell
==1897== Parent PID: 1895
==1897== 
==1901== 
==1901== HEAP SUMMARY:
==1901==     in use at exit: 138,826 bytes in 267 blocks
==1901==   total heap usage: 398 allocs, 131 frees, 161,666 bytes allocated
==1901== 
==1901== LEAK SUMMARY:
==1901==    definitely lost: 0 bytes in 0 blocks
==1901==    indirectly lost: 0 bytes in 0 blocks
==1901==      possibly lost: 0 bytes in 0 blocks
==1901==    still reachable: 138,826 bytes in 267 blocks
==1901==         suppressed: 0 bytes in 0 blocks
==1901== Reachable blocks (those to which a pointer was found) are not shown.
==1901== To see them, rerun with: --leak-check=full --show-leak-kinds=all
==1901== 
==1901== For counts of detected and suppressed errors, rerun with: -v
==1901== ERROR SUMMARY: 0 errors from 0 contexts (suppressed: 0 from 0)
==1897== 
==1897== HEAP SUMMARY:
==1897==     in use at exit: 134,410 bytes in 195 blocks
==1897==   total heap usage: 395 allocs, 200 frees, 161,692 bytes allocated
==1897== 
==1897== LEAK SUMMARY:
==1897==    definitely lost: 0 bytes in 0 blocks
==1897==    indirectly lost: 0 bytes in 0 blocks
==1897==      possibly lost: 0 bytes in 0 blocks
==1897==    still reachable: 134,410 bytes in 195 blocks
==1897==         suppressed: 0 bytes in 0 blocks
==1897== Reachable blocks (those to which a pointer was found) are not shown.
==1897== To see them, rerun with: --leak-check=full --show-leak-kinds=all
==1897== 
==1897== For counts of detected and suppressed errors, rerun with: -v
==1897== ERROR SUMMARY: 0 errors from 0 contexts (suppressed: 0 from 0)
==== Test 118: ls >./outfiles/outfile01 >>./test_files/invalid_permission >>./outfiles/outfile02 ====
==1942== Memcheck, a memory error detector
==1942== Copyright (C) 2002-2017, and GNU GPL'd, by Julian Seward et al.
==1942== Using Valgrind-3.13.0 and LibVEX; rerun with -h for copyright info
==1942== Command: ../minishell
==1942== Parent PID: 1940
==1942== 
==1946== 
==1946== HEAP SUMMARY:
==1946==     in use at exit: 138,870 bytes in 267 blocks
==1946==   total heap usage: 425 allocs, 158 frees, 162,107 bytes allocated
==1946== 
==1946== LEAK SUMMARY:
==1946==    definitely lost: 0 bytes in 0 blocks
==1946==    indirectly lost: 0 bytes in 0 blocks
==1946==      possibly lost: 0 bytes in 0 blocks
==1946==    still reachable: 138,870 bytes in 267 blocks
==1946==         suppressed: 0 bytes in 0 blocks
==1946== Reachable blocks (those to which a pointer was found) are not shown.
==1946== To see them, rerun with: --leak-check=full --show-leak-kinds=all
==1946== 
==1946== For counts of detected and suppressed errors, rerun with: -v
==1946== ERROR SUMMARY: 0 errors from 0 contexts (suppressed: 0 from 0)
==1942== 
==1942== HEAP SUMMARY:
==1942==     in use at exit: 134,432 bytes in 195 blocks
==1942==   total heap usage: 397 allocs, 202 frees, 161,823 bytes allocated
==1942== 
==1942== LEAK SUMMARY:
==1942==    definitely lost: 0 bytes in 0 blocks
==1942==    indirectly lost: 0 bytes in 0 blocks
==1942==      possibly lost: 0 bytes in 0 blocks
==1942==    still reachable: 134,432 bytes in 195 blocks
==1942==         suppressed: 0 bytes in 0 blocks
==1942== Reachable blocks (those to which a pointer was found) are not shown.
==1942== To see them, rerun with: --leak-check=full --show-leak-kinds=all
==1942== 
==1942== For counts of detected and suppressed errors, rerun with: -v
==1942== ERROR SUMMARY: 0 errors from 0 contexts (suppressed: 0 from 0)
==== Test 119: ls <missing >>./test_files/invalid_permission >>./outfiles/outfile02 ====
==1985== Memcheck, a memory error detector
==1985== Copyright (C) 2002-2017, and GNU GPL'd, by Julian Seward et al.
==1985== Using Valgrind-3.13.0 and LibVEX; rerun with -h for copyright info
==1985== Command: ../minishell
==1985== Parent PID: 1983
==1985== 
==1989== 
==1989== HEAP SUMMARY:
==1989==     in use at exit: 138,844 bytes in 267 blocks
==1989==   total heap usage: 406 allocs, 139 frees, 161,782 bytes allocated
==1989== 
==1989== LEAK SUMMARY:
==1989==    definitely lost: 0 bytes in 0 blocks
==1989==    indirectly lost: 0 bytes in 0 blocks
==1989==      possibly lost: 0 bytes in 0 blocks
==1989==    still reachable: 138,844 bytes in 267 blocks
==1989==         suppressed: 0 bytes in 0 blocks
==1989== Reachable blocks (those to which a pointer was found) are not shown.
==1989== To see them, rerun with: --leak-check=full --show-leak-kinds=all
==1989== 
==1989== For counts of detected and suppressed errors, rerun with: -v
==1989== ERROR SUMMARY: 0 errors from 0 contexts (suppressed: 0 from 0)
==1985== 
==1985== HEAP SUMMARY:
==1985==     in use at exit: 134,419 bytes in 195 blocks
==1985==   total heap usage: 396 allocs, 201 frees, 161,752 bytes allocated
==1985== 
==1985== LEAK SUMMARY:
==1985==    definitely lost: 0 bytes in 0 blocks
==1985==    indirectly lost: 0 bytes in 0 blocks
==1985==      possibly lost: 0 bytes in 0 blocks
==1985==    still reachable: 134,419 bytes in 195 blocks
==1985==         suppressed: 0 bytes in 0 blocks
==1985== Reachable blocks (those to which a pointer was found) are not shown.
==1985== To see them, rerun with: --leak-check=full --show-leak-kinds=all
==1985== 
==1985== For counts of detected and suppressed errors, rerun with: -v
==1985== ERROR SUMMARY: 0 errors from 0 contexts (suppressed: 0 from 0)
==== Test 120: ls >>./test_files/invalid_permission >>./outfiles/outfile02 <missing ====
==2028== Memcheck, a memory error detector
==2028== Copyright (C) 2002-2017, and GNU GPL'd, by Julian Seward et al.
==2028== Using Valgrind-3.13.0 and LibVEX; rerun with -h for copyright info
==2028== Command: ../minishell
==2028== Parent PID: 2026
==2028== 
==2042== 
==2042== HEAP SUMMARY:
==2042==     in use at exit: 138,844 bytes in 267 blocks
==2042==   total heap usage: 406 allocs, 139 frees, 161,782 bytes allocated
==2042== 
==2042== LEAK SUMMARY:
==2042==    definitely lost: 0 bytes in 0 blocks
==2042==    indirectly lost: 0 bytes in 0 blocks
==2042==      possibly lost: 0 bytes in 0 blocks
==2042==    still reachable: 138,844 bytes in 267 blocks
==2042==         suppressed: 0 bytes in 0 blocks
==2042== Reachable blocks (those to which a pointer was found) are not shown.
==2042== To see them, rerun with: --leak-check=full --show-leak-kinds=all
==2042== 
==2042== For counts of detected and suppressed errors, rerun with: -v
==2042== ERROR SUMMARY: 0 errors from 0 contexts (suppressed: 0 from 0)
==2028== 
==2028== HEAP SUMMARY:
==2028==     in use at exit: 134,419 bytes in 195 blocks
==2028==   total heap usage: 396 allocs, 201 frees, 161,752 bytes allocated
==2028== 
==2028== LEAK SUMMARY:
==2028==    definitely lost: 0 bytes in 0 blocks
==2028==    indirectly lost: 0 bytes in 0 blocks
==2028==      possibly lost: 0 bytes in 0 blocks
==2028==    still reachable: 134,419 bytes in 195 blocks
==2028==         suppressed: 0 bytes in 0 blocks
==2028== Reachable blocks (those to which a pointer was found) are not shown.
==2028== To see them, rerun with: --leak-check=full --show-leak-kinds=all
==2028== 
==2028== For counts of detected and suppressed errors, rerun with: -v
==2028== ERROR SUMMARY: 0 errors from 0 contexts (suppressed: 0 from 0)
==== Test 121: echo hi >>./outfiles/outfile01 | echo bye ====
==2081== Memcheck, a memory error detector
==2081== Copyright (C) 2002-2017, and GNU GPL'd, by Julian Seward et al.
==2081== Using Valgrind-3.13.0 and LibVEX; rerun with -h for copyright info
==2081== Command: ../minishell
==2081== Parent PID: 2079
==2081== 
==2090== 
==2090== HEAP SUMMARY:
==2090==     in use at exit: 138,833 bytes in 268 blocks
==2090==   total heap usage: 393 allocs, 125 frees, 161,605 bytes allocated
==2090== 
==2090== LEAK SUMMARY:
==2090==    definitely lost: 0 bytes in 0 blocks
==2090==    indirectly lost: 0 bytes in 0 blocks
==2090==      possibly lost: 0 bytes in 0 blocks
==2090==    still reachable: 138,833 bytes in 268 blocks
==2090==         suppressed: 0 bytes in 0 blocks
==2090== Reachable blocks (those to which a pointer was found) are not shown.
==2090== To see them, rerun with: --leak-check=full --show-leak-kinds=all
==2090== 
==2090== For counts of detected and suppressed errors, rerun with: -v
==2090== ERROR SUMMARY: 0 errors from 0 contexts (suppressed: 0 from 0)
==2091== 
==2091== HEAP SUMMARY:
==2091==     in use at exit: 138,802 bytes in 267 blocks
==2091==   total heap usage: 408 allocs, 141 frees, 161,705 bytes allocated
==2091== 
==2091== LEAK SUMMARY:
==2091==    definitely lost: 0 bytes in 0 blocks
==2091==    indirectly lost: 0 bytes in 0 blocks
==2091==      possibly lost: 0 bytes in 0 blocks
==2091==    still reachable: 138,802 bytes in 267 blocks
==2091==         suppressed: 0 bytes in 0 blocks
==2091== Reachable blocks (those to which a pointer was found) are not shown.
==2091== To see them, rerun with: --leak-check=full --show-leak-kinds=all
==2091== 
==2091== For counts of detected and suppressed errors, rerun with: -v
==2091== ERROR SUMMARY: 0 errors from 0 contexts (suppressed: 0 from 0)
==2081== 
==2081== HEAP SUMMARY:
==2081==     in use at exit: 134,392 bytes in 195 blocks
==2081==   total heap usage: 389 allocs, 194 frees, 161,600 bytes allocated
==2081== 
==2081== LEAK SUMMARY:
==2081==    definitely lost: 0 bytes in 0 blocks
==2081==    indirectly lost: 0 bytes in 0 blocks
==2081==      possibly lost: 0 bytes in 0 blocks
==2081==    still reachable: 134,392 bytes in 195 blocks
==2081==         suppressed: 0 bytes in 0 blocks
==2081== Reachable blocks (those to which a pointer was found) are not shown.
==2081== To see them, rerun with: --leak-check=full --show-leak-kinds=all
==2081== 
==2081== For counts of detected and suppressed errors, rerun with: -v
==2081== ERROR SUMMARY: 0 errors from 0 contexts (suppressed: 0 from 0)
==== Test 122: echo hi >>./outfiles/outfile01 >>./outfiles/outfile02 | echo bye ====
==2136== Memcheck, a memory error detector
==2136== Copyright (C) 2002-2017, and GNU GPL'd, by Julian Seward et al.
==2136== Using Valgrind-3.13.0 and LibVEX; rerun with -h for copyright info
==2136== Command: ../minishell
==2136== Parent PID: 2134
==2136== 
==2140== 
==2140== HEAP SUMMARY:
==2140==     in use at exit: 138,902 bytes in 268 blocks
==2140==   total heap usage: 394 allocs, 126 frees, 161,729 bytes allocated
==2140== 
==2140== LEAK SUMMARY:
==2140==    definitely lost: 0 bytes in 0 blocks
==2140==    indirectly lost: 0 bytes in 0 blocks
==2140==      possibly lost: 0 bytes in 0 blocks
==2140==    still reachable: 138,902 bytes in 268 blocks
==2140==         suppressed: 0 bytes in 0 blocks
==2140== Reachable blocks (those to which a pointer was found) are not shown.
==2140== To see them, rerun with: --leak-check=full --show-leak-kinds=all
==2140== 
==2140== For counts of detected and suppressed errors, rerun with: -v
==2140== ERROR SUMMARY: 0 errors from 0 contexts (suppressed: 0 from 0)
==2141== 
==2141== HEAP SUMMARY:
==2141==     in use at exit: 138,848 bytes in 267 blocks
==2141==   total heap usage: 409 allocs, 142 frees, 161,806 bytes allocated
==2141== 
==2141== LEAK SUMMARY:
==2141==    definitely lost: 0 bytes in 0 blocks
==2141==    indirectly lost: 0 bytes in 0 blocks
==2141==      possibly lost: 0 bytes in 0 blocks
==2141==    still reachable: 138,848 bytes in 267 blocks
==2141==         suppressed: 0 bytes in 0 blocks
==2141== Reachable blocks (those to which a pointer was found) are not shown.
==2141== To see them, rerun with: --leak-check=full --show-leak-kinds=all
==2141== 
==2141== For counts of detected and suppressed errors, rerun with: -v
==2141== ERROR SUMMARY: 0 errors from 0 contexts (suppressed: 0 from 0)
==2136== 
==2136== HEAP SUMMARY:
==2136==     in use at exit: 134,415 bytes in 195 blocks
==2136==   total heap usage: 390 allocs, 195 frees, 161,701 bytes allocated
==2136== 
==2136== LEAK SUMMARY:
==2136==    definitely lost: 0 bytes in 0 blocks
==2136==    indirectly lost: 0 bytes in 0 blocks
==2136==      possibly lost: 0 bytes in 0 blocks
==2136==    still reachable: 134,415 bytes in 195 blocks
==2136==         suppressed: 0 bytes in 0 blocks
==2136== Reachable blocks (those to which a pointer was found) are not shown.
==2136== To see them, rerun with: --leak-check=full --show-leak-kinds=all
==2136== 
==2136== For counts of detected and suppressed errors, rerun with: -v
==2136== ERROR SUMMARY: 0 errors from 0 contexts (suppressed: 0 from 0)
==== Test 123: echo hi | echo >>./outfiles/outfile01 bye ====
==2186== Memcheck, a memory error detector
==2186== Copyright (C) 2002-2017, and GNU GPL'd, by Julian Seward et al.
==2186== Using Valgrind-3.13.0 and LibVEX; rerun with -h for copyright info
==2186== Command: ../minishell
==2186== Parent PID: 2184
==2186== 
==2191== 
==2191== HEAP SUMMARY:
==2191==     in use at exit: 138,834 bytes in 268 blocks
==2191==   total heap usage: 393 allocs, 125 frees, 161,606 bytes allocated
==2191== 
==2191== LEAK SUMMARY:
==2191==    definitely lost: 0 bytes in 0 blocks
==2191==    indirectly lost: 0 bytes in 0 blocks
==2191==      possibly lost: 0 bytes in 0 blocks
==2191==    still reachable: 138,834 bytes in 268 blocks
==2191==         suppressed: 0 bytes in 0 blocks
==2191== Reachable blocks (those to which a pointer was found) are not shown.
==2191== To see them, rerun with: --leak-check=full --show-leak-kinds=all
==2191== 
==2191== For counts of detected and suppressed errors, rerun with: -v
==2191== ERROR SUMMARY: 0 errors from 0 contexts (suppressed: 0 from 0)
==2190== 
==2190== HEAP SUMMARY:
==2190==     in use at exit: 138,802 bytes in 267 blocks
==2190==   total heap usage: 407 allocs, 140 frees, 161,696 bytes allocated
==2190== 
==2190== LEAK SUMMARY:
==2190==    definitely lost: 0 bytes in 0 blocks
==2190==    indirectly lost: 0 bytes in 0 blocks
==2190==      possibly lost: 0 bytes in 0 blocks
==2190==    still reachable: 138,802 bytes in 267 blocks
==2190==         suppressed: 0 bytes in 0 blocks
==2190== Reachable blocks (those to which a pointer was found) are not shown.
==2190== To see them, rerun with: --leak-check=full --show-leak-kinds=all
==2190== 
==2190== For counts of detected and suppressed errors, rerun with: -v
==2190== ERROR SUMMARY: 0 errors from 0 contexts (suppressed: 0 from 0)
==2186== 
==2186== HEAP SUMMARY:
==2186==     in use at exit: 134,392 bytes in 195 blocks
==2186==   total heap usage: 389 allocs, 194 frees, 161,600 bytes allocated
==2186== 
==2186== LEAK SUMMARY:
==2186==    definitely lost: 0 bytes in 0 blocks
==2186==    indirectly lost: 0 bytes in 0 blocks
==2186==      possibly lost: 0 bytes in 0 blocks
==2186==    still reachable: 134,392 bytes in 195 blocks
==2186==         suppressed: 0 bytes in 0 blocks
==2186== Reachable blocks (those to which a pointer was found) are not shown.
==2186== To see them, rerun with: --leak-check=full --show-leak-kinds=all
==2186== 
==2186== For counts of detected and suppressed errors, rerun with: -v
==2186== ERROR SUMMARY: 0 errors from 0 contexts (suppressed: 0 from 0)
==== Test 124: echo hi | echo bye >>./outfiles/outfile01 >>./outfiles/outfile02 ====
==2236== Memcheck, a memory error detector
==2236== Copyright (C) 2002-2017, and GNU GPL'd, by Julian Seward et al.
==2236== Using Valgrind-3.13.0 and LibVEX; rerun with -h for copyright info
==2236== Command: ../minishell
==2236== Parent PID: 2234
==2236== 
==2241== 
==2241== HEAP SUMMARY:
==2241==     in use at exit: 138,903 bytes in 268 blocks
==2241==   total heap usage: 394 allocs, 126 frees, 161,730 bytes allocated
==2241== 
==2241== LEAK SUMMARY:
==2241==    definitely lost: 0 bytes in 0 blocks
==2241==    indirectly lost: 0 bytes in 0 blocks
==2241==      possibly lost: 0 bytes in 0 blocks
==2241==    still reachable: 138,903 bytes in 268 blocks
==2241==         suppressed: 0 bytes in 0 blocks
==2241== Reachable blocks (those to which a pointer was found) are not shown.
==2241== To see them, rerun with: --leak-check=full --show-leak-kinds=all
==2241== 
==2241== For counts of detected and suppressed errors, rerun with: -v
==2241== ERROR SUMMARY: 0 errors from 0 contexts (suppressed: 0 from 0)
==2240== 
==2240== HEAP SUMMARY:
==2240==     in use at exit: 138,848 bytes in 267 blocks
==2240==   total heap usage: 408 allocs, 141 frees, 161,797 bytes allocated
==2240== 
==2240== LEAK SUMMARY:
==2240==    definitely lost: 0 bytes in 0 blocks
==2240==    indirectly lost: 0 bytes in 0 blocks
==2240==      possibly lost: 0 bytes in 0 blocks
==2240==    still reachable: 138,848 bytes in 267 blocks
==2240==         suppressed: 0 bytes in 0 blocks
==2240== Reachable blocks (those to which a pointer was found) are not shown.
==2240== To see them, rerun with: --leak-check=full --show-leak-kinds=all
==2240== 
==2240== For counts of detected and suppressed errors, rerun with: -v
==2240== ERROR SUMMARY: 0 errors from 0 contexts (suppressed: 0 from 0)
==2236== 
==2236== HEAP SUMMARY:
==2236==     in use at exit: 134,415 bytes in 195 blocks
==2236==   total heap usage: 390 allocs, 195 frees, 161,701 bytes allocated
==2236== 
==2236== LEAK SUMMARY:
==2236==    definitely lost: 0 bytes in 0 blocks
==2236==    indirectly lost: 0 bytes in 0 blocks
==2236==      possibly lost: 0 bytes in 0 blocks
==2236==    still reachable: 134,415 bytes in 195 blocks
==2236==         suppressed: 0 bytes in 0 blocks
==2236== Reachable blocks (those to which a pointer was found) are not shown.
==2236== To see them, rerun with: --leak-check=full --show-leak-kinds=all
==2236== 
==2236== For counts of detected and suppressed errors, rerun with: -v
==2236== ERROR SUMMARY: 0 errors from 0 contexts (suppressed: 0 from 0)
==== Test 125: echo hi >>./outfiles/outfile01 | echo bye >>./outfiles/outfile02 ====
==2296== Memcheck, a memory error detector
==2296== Copyright (C) 2002-2017, and GNU GPL'd, by Julian Seward et al.
==2296== Using Valgrind-3.13.0 and LibVEX; rerun with -h for copyright info
==2296== Command: ../minishell
==2296== Parent PID: 2294
==2296== 
==2300== 
==2300== HEAP SUMMARY:
==2300==     in use at exit: 138,879 bytes in 268 blocks
==2300==   total heap usage: 394 allocs, 126 frees, 161,706 bytes allocated
==2300== 
==2300== LEAK SUMMARY:
==2300==    definitely lost: 0 bytes in 0 blocks
==2300==    indirectly lost: 0 bytes in 0 blocks
==2300==      possibly lost: 0 bytes in 0 blocks
==2300==    still reachable: 138,879 bytes in 268 blocks
==2300==         suppressed: 0 bytes in 0 blocks
==2300== Reachable blocks (those to which a pointer was found) are not shown.
==2300== To see them, rerun with: --leak-check=full --show-leak-kinds=all
==2300== 
==2300== For counts of detected and suppressed errors, rerun with: -v
==2300== ERROR SUMMARY: 0 errors from 0 contexts (suppressed: 0 from 0)
==2301== 
==2301== HEAP SUMMARY:
==2301==     in use at exit: 138,880 bytes in 268 blocks
==2301==   total heap usage: 394 allocs, 126 frees, 161,707 bytes allocated
==2301== 
==2301== LEAK SUMMARY:
==2301==    definitely lost: 0 bytes in 0 blocks
==2301==    indirectly lost: 0 bytes in 0 blocks
==2301==      possibly lost: 0 bytes in 0 blocks
==2301==    still reachable: 138,880 bytes in 268 blocks
==2301==         suppressed: 0 bytes in 0 blocks
==2301== Reachable blocks (those to which a pointer was found) are not shown.
==2301== To see them, rerun with: --leak-check=full --show-leak-kinds=all
==2301== 
==2301== For counts of detected and suppressed errors, rerun with: -v
==2301== ERROR SUMMARY: 0 errors from 0 contexts (suppressed: 0 from 0)
==2296== 
==2296== HEAP SUMMARY:
==2296==     in use at exit: 134,415 bytes in 195 blocks
==2296==   total heap usage: 390 allocs, 195 frees, 161,701 bytes allocated
==2296== 
==2296== LEAK SUMMARY:
==2296==    definitely lost: 0 bytes in 0 blocks
==2296==    indirectly lost: 0 bytes in 0 blocks
==2296==      possibly lost: 0 bytes in 0 blocks
==2296==    still reachable: 134,415 bytes in 195 blocks
==2296==         suppressed: 0 bytes in 0 blocks
==2296== Reachable blocks (those to which a pointer was found) are not shown.
==2296== To see them, rerun with: --leak-check=full --show-leak-kinds=all
==2296== 
==2296== For counts of detected and suppressed errors, rerun with: -v
==2296== ERROR SUMMARY: 0 errors from 0 contexts (suppressed: 0 from 0)
==== Test 126: echo hi >>./test_files/invalid_permission | echo bye ====
==2351== Memcheck, a memory error detector
==2351== Copyright (C) 2002-2017, and GNU GPL'd, by Julian Seward et al.
==2351== Using Valgrind-3.13.0 and LibVEX; rerun with -h for copyright info
==2351== Command: ../minishell
==2351== Parent PID: 2349
==2351== 
==2355== 
==2355== HEAP SUMMARY:
==2355==     in use at exit: 138,866 bytes in 268 blocks
==2355==   total heap usage: 393 allocs, 125 frees, 161,649 bytes allocated
==2355== 
==2355== LEAK SUMMARY:
==2355==    definitely lost: 0 bytes in 0 blocks
==2355==    indirectly lost: 0 bytes in 0 blocks
==2355==      possibly lost: 0 bytes in 0 blocks
==2355==    still reachable: 138,866 bytes in 268 blocks
==2355==         suppressed: 0 bytes in 0 blocks
==2355== Reachable blocks (those to which a pointer was found) are not shown.
==2355== To see them, rerun with: --leak-check=full --show-leak-kinds=all
==2355== 
==2355== For counts of detected and suppressed errors, rerun with: -v
==2355== ERROR SUMMARY: 0 errors from 0 contexts (suppressed: 0 from 0)
==2356== 
==2356== HEAP SUMMARY:
==2356==     in use at exit: 138,824 bytes in 267 blocks
==2356==   total heap usage: 408 allocs, 141 frees, 161,738 bytes allocated
==2356== 
==2356== LEAK SUMMARY:
==2356==    definitely lost: 0 bytes in 0 blocks
==2356==    indirectly lost: 0 bytes in 0 blocks
==2356==      possibly lost: 0 bytes in 0 blocks
==2356==    still reachable: 138,824 bytes in 267 blocks
==2356==         suppressed: 0 bytes in 0 blocks
==2356== Reachable blocks (those to which a pointer was found) are not shown.
==2356== To see them, rerun with: --leak-check=full --show-leak-kinds=all
==2356== 
==2356== For counts of detected and suppressed errors, rerun with: -v
==2356== ERROR SUMMARY: 0 errors from 0 contexts (suppressed: 0 from 0)
==2351== 
==2351== HEAP SUMMARY:
==2351==     in use at exit: 134,403 bytes in 195 blocks
==2351==   total heap usage: 389 allocs, 194 frees, 161,633 bytes allocated
==2351== 
==2351== LEAK SUMMARY:
==2351==    definitely lost: 0 bytes in 0 blocks
==2351==    indirectly lost: 0 bytes in 0 blocks
==2351==      possibly lost: 0 bytes in 0 blocks
==2351==    still reachable: 134,403 bytes in 195 blocks
==2351==         suppressed: 0 bytes in 0 blocks
==2351== Reachable blocks (those to which a pointer was found) are not shown.
==2351== To see them, rerun with: --leak-check=full --show-leak-kinds=all
==2351== 
==2351== For counts of detected and suppressed errors, rerun with: -v
==2351== ERROR SUMMARY: 0 errors from 0 contexts (suppressed: 0 from 0)
==== Test 127: echo hi >>./test_files/invalid_permission >./outfiles/outfile01 | echo bye ====
==2423== Memcheck, a memory error detector
==2423== Copyright (C) 2002-2017, and GNU GPL'd, by Julian Seward et al.
==2423== Using Valgrind-3.13.0 and LibVEX; rerun with -h for copyright info
==2423== Command: ../minishell
==2423== Parent PID: 2421
==2423== 
==2427== 
==2427== HEAP SUMMARY:
==2427==     in use at exit: 138,932 bytes in 268 blocks
==2427==   total heap usage: 394 allocs, 126 frees, 161,769 bytes allocated
==2427== 
==2427== LEAK SUMMARY:
==2427==    definitely lost: 0 bytes in 0 blocks
==2427==    indirectly lost: 0 bytes in 0 blocks
==2427==      possibly lost: 0 bytes in 0 blocks
==2427==    still reachable: 138,932 bytes in 268 blocks
==2427==         suppressed: 0 bytes in 0 blocks
==2427== Reachable blocks (those to which a pointer was found) are not shown.
==2427== To see them, rerun with: --leak-check=full --show-leak-kinds=all
==2427== 
==2427== For counts of detected and suppressed errors, rerun with: -v
==2427== ERROR SUMMARY: 0 errors from 0 contexts (suppressed: 0 from 0)
==2428== 
==2428== HEAP SUMMARY:
==2428==     in use at exit: 138,868 bytes in 267 blocks
==2428==   total heap usage: 409 allocs, 142 frees, 161,836 bytes allocated
==2428== 
==2428== LEAK SUMMARY:
==2428==    definitely lost: 0 bytes in 0 blocks
==2428==    indirectly lost: 0 bytes in 0 blocks
==2428==      possibly lost: 0 bytes in 0 blocks
==2428==    still reachable: 138,868 bytes in 267 blocks
==2428==         suppressed: 0 bytes in 0 blocks
==2428== Reachable blocks (those to which a pointer was found) are not shown.
==2428== To see them, rerun with: --leak-check=full --show-leak-kinds=all
==2428== 
==2428== For counts of detected and suppressed errors, rerun with: -v
==2428== ERROR SUMMARY: 0 errors from 0 contexts (suppressed: 0 from 0)
==2423== 
==2423== HEAP SUMMARY:
==2423==     in use at exit: 134,425 bytes in 195 blocks
==2423==   total heap usage: 390 allocs, 195 frees, 161,731 bytes allocated
==2423== 
==2423== LEAK SUMMARY:
==2423==    definitely lost: 0 bytes in 0 blocks
==2423==    indirectly lost: 0 bytes in 0 blocks
==2423==      possibly lost: 0 bytes in 0 blocks
==2423==    still reachable: 134,425 bytes in 195 blocks
==2423==         suppressed: 0 bytes in 0 blocks
==2423== Reachable blocks (those to which a pointer was found) are not shown.
==2423== To see them, rerun with: --leak-check=full --show-leak-kinds=all
==2423== 
==2423== For counts of detected and suppressed errors, rerun with: -v
==2423== ERROR SUMMARY: 0 errors from 0 contexts (suppressed: 0 from 0)
==== Test 128: echo hi | echo bye >>./test_files/invalid_permission ====
==2471== Memcheck, a memory error detector
==2471== Copyright (C) 2002-2017, and GNU GPL'd, by Julian Seward et al.
==2471== Using Valgrind-3.13.0 and LibVEX; rerun with -h for copyright info
==2471== Command: ../minishell
==2471== Parent PID: 2469
==2471== 
==2476== 
==2476== HEAP SUMMARY:
==2476==     in use at exit: 138,726 bytes in 266 blocks
==2476==   total heap usage: 392 allocs, 126 frees, 161,638 bytes allocated
==2476== 
==2476== LEAK SUMMARY:
==2476==    definitely lost: 0 bytes in 0 blocks
==2476==    indirectly lost: 0 bytes in 0 blocks
==2476==      possibly lost: 0 bytes in 0 blocks
==2476==    still reachable: 138,726 bytes in 266 blocks
==2476==         suppressed: 0 bytes in 0 blocks
==2476== Reachable blocks (those to which a pointer was found) are not shown.
==2476== To see them, rerun with: --leak-check=full --show-leak-kinds=all
==2476== 
==2476== For counts of detected and suppressed errors, rerun with: -v
==2476== ERROR SUMMARY: 0 errors from 0 contexts (suppressed: 0 from 0)
==2475== 
==2475== HEAP SUMMARY:
==2475==     in use at exit: 138,683 bytes in 265 blocks
==2475==   total heap usage: 406 allocs, 141 frees, 161,717 bytes allocated
==2475== 
==2475== LEAK SUMMARY:
==2475==    definitely lost: 0 bytes in 0 blocks
==2475==    indirectly lost: 0 bytes in 0 blocks
==2475==      possibly lost: 0 bytes in 0 blocks
==2475==    still reachable: 138,683 bytes in 265 blocks
==2475==         suppressed: 0 bytes in 0 blocks
==2475== Reachable blocks (those to which a pointer was found) are not shown.
==2475== To see them, rerun with: --leak-check=full --show-leak-kinds=all
==2475== 
==2475== For counts of detected and suppressed errors, rerun with: -v
==2475== ERROR SUMMARY: 0 errors from 0 contexts (suppressed: 0 from 0)
==2471== 
==2471== HEAP SUMMARY:
==2471==     in use at exit: 134,262 bytes in 193 blocks
==2471==   total heap usage: 388 allocs, 195 frees, 161,621 bytes allocated
==2471== 
==2471== LEAK SUMMARY:
==2471==    definitely lost: 0 bytes in 0 blocks
==2471==    indirectly lost: 0 bytes in 0 blocks
==2471==      possibly lost: 0 bytes in 0 blocks
==2471==    still reachable: 134,262 bytes in 193 blocks
==2471==         suppressed: 0 bytes in 0 blocks
==2471== Reachable blocks (those to which a pointer was found) are not shown.
==2471== To see them, rerun with: --leak-check=full --show-leak-kinds=all
==2471== 
==2471== For counts of detected and suppressed errors, rerun with: -v
==2471== ERROR SUMMARY: 0 errors from 0 contexts (suppressed: 0 from 0)
==== Test 129: echo hi | echo >>./outfiles/outfile01 bye >./test_files/invalid_permission ====
==2543== Memcheck, a memory error detector
==2543== Copyright (C) 2002-2017, and GNU GPL'd, by Julian Seward et al.
==2543== Using Valgrind-3.13.0 and LibVEX; rerun with -h for copyright info
==2543== Command: ../minishell
==2543== Parent PID: 2531
==2543== 
==2554== 
==2554== HEAP SUMMARY:
==2554==     in use at exit: 138,933 bytes in 268 blocks
==2554==   total heap usage: 394 allocs, 126 frees, 161,770 bytes allocated
==2554== 
==2554== LEAK SUMMARY:
==2554==    definitely lost: 0 bytes in 0 blocks
==2554==    indirectly lost: 0 bytes in 0 blocks
==2554==      possibly lost: 0 bytes in 0 blocks
==2554==    still reachable: 138,933 bytes in 268 blocks
==2554==         suppressed: 0 bytes in 0 blocks
==2554== Reachable blocks (those to which a pointer was found) are not shown.
==2554== To see them, rerun with: --leak-check=full --show-leak-kinds=all
==2554== 
==2554== For counts of detected and suppressed errors, rerun with: -v
==2554== ERROR SUMMARY: 0 errors from 0 contexts (suppressed: 0 from 0)
==2553== 
==2553== HEAP SUMMARY:
==2553==     in use at exit: 138,868 bytes in 267 blocks
==2553==   total heap usage: 408 allocs, 141 frees, 161,827 bytes allocated
==2553== 
==2553== LEAK SUMMARY:
==2553==    definitely lost: 0 bytes in 0 blocks
==2553==    indirectly lost: 0 bytes in 0 blocks
==2553==      possibly lost: 0 bytes in 0 blocks
==2553==    still reachable: 138,868 bytes in 267 blocks
==2553==         suppressed: 0 bytes in 0 blocks
==2553== Reachable blocks (those to which a pointer was found) are not shown.
==2553== To see them, rerun with: --leak-check=full --show-leak-kinds=all
==2553== 
==2553== For counts of detected and suppressed errors, rerun with: -v
==2553== ERROR SUMMARY: 0 errors from 0 contexts (suppressed: 0 from 0)
==2543== 
==2543== HEAP SUMMARY:
==2543==     in use at exit: 134,425 bytes in 195 blocks
==2543==   total heap usage: 390 allocs, 195 frees, 161,731 bytes allocated
==2543== 
==2543== LEAK SUMMARY:
==2543==    definitely lost: 0 bytes in 0 blocks
==2543==    indirectly lost: 0 bytes in 0 blocks
==2543==      possibly lost: 0 bytes in 0 blocks
==2543==    still reachable: 134,425 bytes in 195 blocks
==2543==         suppressed: 0 bytes in 0 blocks
==2543== Reachable blocks (those to which a pointer was found) are not shown.
==2543== To see them, rerun with: --leak-check=full --show-leak-kinds=all
==2543== 
==2543== For counts of detected and suppressed errors, rerun with: -v
==2543== ERROR SUMMARY: 0 errors from 0 contexts (suppressed: 0 from 0)
==== Test 130: cat <minishell.h>./outfiles/outfile ====
==2737== Memcheck, a memory error detector
==2737== Copyright (C) 2002-2017, and GNU GPL'd, by Julian Seward et al.
==2737== Using Valgrind-3.13.0 and LibVEX; rerun with -h for copyright info
==2737== Command: ../minishell
==2737== Parent PID: 2730
==2737== 
==2750== 
==2750== HEAP SUMMARY:
==2750==     in use at exit: 138,779 bytes in 267 blocks
==2750==   total heap usage: 409 allocs, 142 frees, 161,679 bytes allocated
==2750== 
==2750== LEAK SUMMARY:
==2750==    definitely lost: 0 bytes in 0 blocks
==2750==    indirectly lost: 0 bytes in 0 blocks
==2750==      possibly lost: 0 bytes in 0 blocks
==2750==    still reachable: 138,779 bytes in 267 blocks
==2750==         suppressed: 0 bytes in 0 blocks
==2750== Reachable blocks (those to which a pointer was found) are not shown.
==2750== To see them, rerun with: --leak-check=full --show-leak-kinds=all
==2750== 
==2750== For counts of detected and suppressed errors, rerun with: -v
==2750== ERROR SUMMARY: 0 errors from 0 contexts (suppressed: 0 from 0)
==2737== 
==2737== HEAP SUMMARY:
==2737==     in use at exit: 134,386 bytes in 195 blocks
==2737==   total heap usage: 395 allocs, 200 frees, 161,595 bytes allocated
==2737== 
==2737== LEAK SUMMARY:
==2737==    definitely lost: 0 bytes in 0 blocks
==2737==    indirectly lost: 0 bytes in 0 blocks
==2737==      possibly lost: 0 bytes in 0 blocks
==2737==    still reachable: 134,386 bytes in 195 blocks
==2737==         suppressed: 0 bytes in 0 blocks
==2737== Reachable blocks (those to which a pointer was found) are not shown.
==2737== To see them, rerun with: --leak-check=full --show-leak-kinds=all
==2737== 
==2737== For counts of detected and suppressed errors, rerun with: -v
==2737== ERROR SUMMARY: 0 errors from 0 contexts (suppressed: 0 from 0)
==== Test 131: cat <minishell.h|ls ====
==2821== Memcheck, a memory error detector
==2821== Copyright (C) 2002-2017, and GNU GPL'd, by Julian Seward et al.
==2821== Using Valgrind-3.13.0 and LibVEX; rerun with -h for copyright info
==2821== Command: ../minishell
==2821== Parent PID: 2817
==2821== 
==2832== 
==2832== HEAP SUMMARY:
==2832==     in use at exit: 138,634 bytes in 266 blocks
==2832==   total heap usage: 401 allocs, 135 frees, 161,561 bytes allocated
==2832== 
==2832== LEAK SUMMARY:
==2832==    definitely lost: 0 bytes in 0 blocks
==2832==    indirectly lost: 0 bytes in 0 blocks
==2832==      possibly lost: 0 bytes in 0 blocks
==2832==    still reachable: 138,634 bytes in 266 blocks
==2832==         suppressed: 0 bytes in 0 blocks
==2832== Reachable blocks (those to which a pointer was found) are not shown.
==2832== To see them, rerun with: --leak-check=full --show-leak-kinds=all
==2832== 
==2832== For counts of detected and suppressed errors, rerun with: -v
==2832== ERROR SUMMARY: 0 errors from 0 contexts (suppressed: 0 from 0)
==2821== 
==2821== HEAP SUMMARY:
==2821==     in use at exit: 134,229 bytes in 193 blocks
==2821==   total heap usage: 386 allocs, 193 frees, 161,460 bytes allocated
==2821== 
==2821== LEAK SUMMARY:
==2821==    definitely lost: 0 bytes in 0 blocks
==2821==    indirectly lost: 0 bytes in 0 blocks
==2821==      possibly lost: 0 bytes in 0 blocks
==2821==    still reachable: 134,229 bytes in 193 blocks
==2821==         suppressed: 0 bytes in 0 blocks
==2821== Reachable blocks (those to which a pointer was found) are not shown.
==2821== To see them, rerun with: --leak-check=full --show-leak-kinds=all
==2821== 
==2821== For counts of detected and suppressed errors, rerun with: -v
==2821== ERROR SUMMARY: 0 errors from 0 contexts (suppressed: 0 from 0)
==== Test 132:  ====
==2921== Memcheck, a memory error detector
==2921== Copyright (C) 2002-2017, and GNU GPL'd, by Julian Seward et al.
==2921== Using Valgrind-3.13.0 and LibVEX; rerun with -h for copyright info
==2921== Command: ../minishell
==2921== Parent PID: 2919
==2921== 
==2921== 
==2921== HEAP SUMMARY:
==2921==     in use at exit: 130,298 bytes in 191 blocks
==2921==   total heap usage: 374 allocs, 183 frees, 157,263 bytes allocated
==2921== 
==2921== LEAK SUMMARY:
==2921==    definitely lost: 0 bytes in 0 blocks
==2921==    indirectly lost: 0 bytes in 0 blocks
==2921==      possibly lost: 0 bytes in 0 blocks
==2921==    still reachable: 130,298 bytes in 191 blocks
==2921==         suppressed: 0 bytes in 0 blocks
==2921== Reachable blocks (those to which a pointer was found) are not shown.
==2921== To see them, rerun with: --leak-check=full --show-leak-kinds=all
==2921== 
==2921== For counts of detected and suppressed errors, rerun with: -v
==2921== ERROR SUMMARY: 0 errors from 0 contexts (suppressed: 0 from 0)
==== Test 133: $PWD ====
==3043== Memcheck, a memory error detector
==3043== Copyright (C) 2002-2017, and GNU GPL'd, by Julian Seward et al.
==3043== Using Valgrind-3.13.0 and LibVEX; rerun with -h for copyright info
==3043== Command: ../minishell
==3043== Parent PID: 3040
==3043== 
==3080== 
==3080== HEAP SUMMARY:
==3080==     in use at exit: 138,766 bytes in 267 blocks
==3080==   total heap usage: 906 allocs, 639 frees, 170,228 bytes allocated
==3080== 
==3080== LEAK SUMMARY:
==3080==    definitely lost: 0 bytes in 0 blocks
==3080==    indirectly lost: 0 bytes in 0 blocks
==3080==      possibly lost: 0 bytes in 0 blocks
==3080==    still reachable: 138,766 bytes in 267 blocks
==3080==         suppressed: 0 bytes in 0 blocks
==3080== Reachable blocks (those to which a pointer was found) are not shown.
==3080== To see them, rerun with: --leak-check=full --show-leak-kinds=all
==3080== 
==3080== For counts of detected and suppressed errors, rerun with: -v
==3080== ERROR SUMMARY: 0 errors from 0 contexts (suppressed: 0 from 0)
==3043== 
==3043== HEAP SUMMARY:
==3043==     in use at exit: 134,355 bytes in 195 blocks
==3043==   total heap usage: 908 allocs, 713 frees, 170,274 bytes allocated
==3043== 
==3043== LEAK SUMMARY:
==3043==    definitely lost: 0 bytes in 0 blocks
==3043==    indirectly lost: 0 bytes in 0 blocks
==3043==      possibly lost: 0 bytes in 0 blocks
==3043==    still reachable: 134,355 bytes in 195 blocks
==3043==         suppressed: 0 bytes in 0 blocks
==3043== Reachable blocks (those to which a pointer was found) are not shown.
==3043== To see them, rerun with: --leak-check=full --show-leak-kinds=all
==3043== 
==3043== For counts of detected and suppressed errors, rerun with: -v
==3043== ERROR SUMMARY: 0 errors from 0 contexts (suppressed: 0 from 0)
==== Test 134: $EMPTY ====
==3124== Memcheck, a memory error detector
==3124== Copyright (C) 2002-2017, and GNU GPL'd, by Julian Seward et al.
==3124== Using Valgrind-3.13.0 and LibVEX; rerun with -h for copyright info
==3124== Command: ../minishell
==3124== Parent PID: 3122
==3124== 
==3140== 
==3140== HEAP SUMMARY:
==3140==     in use at exit: 138,718 bytes in 267 blocks
==3140==   total heap usage: 874 allocs, 607 frees, 169,045 bytes allocated
==3140== 
==3140== LEAK SUMMARY:
==3140==    definitely lost: 0 bytes in 0 blocks
==3140==    indirectly lost: 0 bytes in 0 blocks
==3140==      possibly lost: 0 bytes in 0 blocks
==3140==    still reachable: 138,718 bytes in 267 blocks
==3140==         suppressed: 0 bytes in 0 blocks
==3140== Reachable blocks (those to which a pointer was found) are not shown.
==3140== To see them, rerun with: --leak-check=full --show-leak-kinds=all
==3140== 
==3140== For counts of detected and suppressed errors, rerun with: -v
==3140== ERROR SUMMARY: 0 errors from 0 contexts (suppressed: 0 from 0)
==3124== 
==3124== HEAP SUMMARY:
==3124==     in use at exit: 134,357 bytes in 195 blocks
==3124==   total heap usage: 876 allocs, 681 frees, 169,091 bytes allocated
==3124== 
==3124== LEAK SUMMARY:
==3124==    definitely lost: 0 bytes in 0 blocks
==3124==    indirectly lost: 0 bytes in 0 blocks
==3124==      possibly lost: 0 bytes in 0 blocks
==3124==    still reachable: 134,357 bytes in 195 blocks
==3124==         suppressed: 0 bytes in 0 blocks
==3124== Reachable blocks (those to which a pointer was found) are not shown.
==3124== To see them, rerun with: --leak-check=full --show-leak-kinds=all
==3124== 
==3124== For counts of detected and suppressed errors, rerun with: -v
==3124== ERROR SUMMARY: 0 errors from 0 contexts (suppressed: 0 from 0)
==== Test 135: $EMPTY echo hi ====
==3203== Memcheck, a memory error detector
==3203== Copyright (C) 2002-2017, and GNU GPL'd, by Julian Seward et al.
==3203== Using Valgrind-3.13.0 and LibVEX; rerun with -h for copyright info
==3203== Command: ../minishell
==3203== Parent PID: 3201
==3203== 
==3213== 
==3213== HEAP SUMMARY:
==3213==     in use at exit: 138,758 bytes in 269 blocks
==3213==   total heap usage: 890 allocs, 621 frees, 169,186 bytes allocated
==3213== 
==3213== LEAK SUMMARY:
==3213==    definitely lost: 0 bytes in 0 blocks
==3213==    indirectly lost: 0 bytes in 0 blocks
==3213==      possibly lost: 0 bytes in 0 blocks
==3213==    still reachable: 138,758 bytes in 269 blocks
==3213==         suppressed: 0 bytes in 0 blocks
==3213== Reachable blocks (those to which a pointer was found) are not shown.
==3213== To see them, rerun with: --leak-check=full --show-leak-kinds=all
==3213== 
==3213== For counts of detected and suppressed errors, rerun with: -v
==3213== ERROR SUMMARY: 0 errors from 0 contexts (suppressed: 0 from 0)
==3203== 
==3203== HEAP SUMMARY:
==3203==     in use at exit: 134,365 bytes in 195 blocks
==3203==   total heap usage: 892 allocs, 697 frees, 169,232 bytes allocated
==3203== 
==3203== LEAK SUMMARY:
==3203==    definitely lost: 0 bytes in 0 blocks
==3203==    indirectly lost: 0 bytes in 0 blocks
==3203==      possibly lost: 0 bytes in 0 blocks
==3203==    still reachable: 134,365 bytes in 195 blocks
==3203==         suppressed: 0 bytes in 0 blocks
==3203== Reachable blocks (those to which a pointer was found) are not shown.
==3203== To see them, rerun with: --leak-check=full --show-leak-kinds=all
==3203== 
==3203== For counts of detected and suppressed errors, rerun with: -v
==3203== ERROR SUMMARY: 0 errors from 0 contexts (suppressed: 0 from 0)
==== Test 136: ./test_files/invalid_permission ====
==3258== Memcheck, a memory error detector
==3258== Copyright (C) 2002-2017, and GNU GPL'd, by Julian Seward et al.
==3258== Using Valgrind-3.13.0 and LibVEX; rerun with -h for copyright info
==3258== Command: ../minishell
==3258== Parent PID: 3250
==3258== 
==3263== 
==3263== HEAP SUMMARY:
==3263==     in use at exit: 138,799 bytes in 267 blocks
==3263==   total heap usage: 421 allocs, 154 frees, 162,166 bytes allocated
==3263== 
==3263== LEAK SUMMARY:
==3263==    definitely lost: 0 bytes in 0 blocks
==3263==    indirectly lost: 0 bytes in 0 blocks
==3263==      possibly lost: 0 bytes in 0 blocks
==3263==    still reachable: 138,799 bytes in 267 blocks
==3263==         suppressed: 0 bytes in 0 blocks
==3263== Reachable blocks (those to which a pointer was found) are not shown.
==3263== To see them, rerun with: --leak-check=full --show-leak-kinds=all
==3263== 
==3263== For counts of detected and suppressed errors, rerun with: -v
==3263== ERROR SUMMARY: 0 errors from 0 contexts (suppressed: 0 from 0)
==3258== 
==3258== HEAP SUMMARY:
==3258==     in use at exit: 134,382 bytes in 195 blocks
==3258==   total heap usage: 423 allocs, 228 frees, 162,212 bytes allocated
==3258== 
==3258== LEAK SUMMARY:
==3258==    definitely lost: 0 bytes in 0 blocks
==3258==    indirectly lost: 0 bytes in 0 blocks
==3258==      possibly lost: 0 bytes in 0 blocks
==3258==    still reachable: 134,382 bytes in 195 blocks
==3258==         suppressed: 0 bytes in 0 blocks
==3258== Reachable blocks (those to which a pointer was found) are not shown.
==3258== To see them, rerun with: --leak-check=full --show-leak-kinds=all
==3258== 
==3258== For counts of detected and suppressed errors, rerun with: -v
==3258== ERROR SUMMARY: 0 errors from 0 contexts (suppressed: 0 from 0)
==== Test 137: ./missing.out ====
==3307== Memcheck, a memory error detector
==3307== Copyright (C) 2002-2017, and GNU GPL'd, by Julian Seward et al.
==3307== Using Valgrind-3.13.0 and LibVEX; rerun with -h for copyright info
==3307== Command: ../minishell
==3307== Parent PID: 3305
==3307== 
==3311== 
==3311== HEAP SUMMARY:
==3311==     in use at exit: 138,745 bytes in 267 blocks
==3311==   total heap usage: 402 allocs, 135 frees, 161,585 bytes allocated
==3311== 
==3311== LEAK SUMMARY:
==3311==    definitely lost: 0 bytes in 0 blocks
==3311==    indirectly lost: 0 bytes in 0 blocks
==3311==      possibly lost: 0 bytes in 0 blocks
==3311==    still reachable: 138,745 bytes in 267 blocks
==3311==         suppressed: 0 bytes in 0 blocks
==3311== Reachable blocks (those to which a pointer was found) are not shown.
==3311== To see them, rerun with: --leak-check=full --show-leak-kinds=all
==3311== 
==3311== For counts of detected and suppressed errors, rerun with: -v
==3311== ERROR SUMMARY: 0 errors from 0 contexts (suppressed: 0 from 0)
==3307== 
==3307== HEAP SUMMARY:
==3307==     in use at exit: 134,364 bytes in 195 blocks
==3307==   total heap usage: 404 allocs, 209 frees, 161,631 bytes allocated
==3307== 
==3307== LEAK SUMMARY:
==3307==    definitely lost: 0 bytes in 0 blocks
==3307==    indirectly lost: 0 bytes in 0 blocks
==3307==      possibly lost: 0 bytes in 0 blocks
==3307==    still reachable: 134,364 bytes in 195 blocks
==3307==         suppressed: 0 bytes in 0 blocks
==3307== Reachable blocks (those to which a pointer was found) are not shown.
==3307== To see them, rerun with: --leak-check=full --show-leak-kinds=all
==3307== 
==3307== For counts of detected and suppressed errors, rerun with: -v
==3307== ERROR SUMMARY: 0 errors from 0 contexts (suppressed: 0 from 0)
==== Test 138: missing.out ====
==3350== Memcheck, a memory error detector
==3350== Copyright (C) 2002-2017, and GNU GPL'd, by Julian Seward et al.
==3350== Using Valgrind-3.13.0 and LibVEX; rerun with -h for copyright info
==3350== Command: ../minishell
==3350== Parent PID: 3348
==3350== 
==3357== 
==3357== HEAP SUMMARY:
==3357==     in use at exit: 138,739 bytes in 267 blocks
==3357==   total heap usage: 550 allocs, 283 frees, 164,281 bytes allocated
==3357== 
==3357== LEAK SUMMARY:
==3357==    definitely lost: 0 bytes in 0 blocks
==3357==    indirectly lost: 0 bytes in 0 blocks
==3357==      possibly lost: 0 bytes in 0 blocks
==3357==    still reachable: 138,739 bytes in 267 blocks
==3357==         suppressed: 0 bytes in 0 blocks
==3357== Reachable blocks (those to which a pointer was found) are not shown.
==3357== To see them, rerun with: --leak-check=full --show-leak-kinds=all
==3357== 
==3357== For counts of detected and suppressed errors, rerun with: -v
==3357== ERROR SUMMARY: 0 errors from 0 contexts (suppressed: 0 from 0)
==3350== 
==3350== HEAP SUMMARY:
==3350==     in use at exit: 134,362 bytes in 195 blocks
==3350==   total heap usage: 402 allocs, 207 frees, 161,590 bytes allocated
==3350== 
==3350== LEAK SUMMARY:
==3350==    definitely lost: 0 bytes in 0 blocks
==3350==    indirectly lost: 0 bytes in 0 blocks
==3350==      possibly lost: 0 bytes in 0 blocks
==3350==    still reachable: 134,362 bytes in 195 blocks
==3350==         suppressed: 0 bytes in 0 blocks
==3350== Reachable blocks (those to which a pointer was found) are not shown.
==3350== To see them, rerun with: --leak-check=full --show-leak-kinds=all
==3350== 
==3350== For counts of detected and suppressed errors, rerun with: -v
==3350== ERROR SUMMARY: 0 errors from 0 contexts (suppressed: 0 from 0)
==== Test 139: "aaa" ====
==3450== Memcheck, a memory error detector
==3450== Copyright (C) 2002-2017, and GNU GPL'd, by Julian Seward et al.
==3450== Using Valgrind-3.13.0 and LibVEX; rerun with -h for copyright info
==3450== Command: ../minishell
==3450== Parent PID: 3448
==3450== 
==3536== 
==3536== HEAP SUMMARY:
==3536==     in use at exit: 138,719 bytes in 267 blocks
==3536==   total heap usage: 548 allocs, 281 frees, 164,102 bytes allocated
==3536== 
==3536== LEAK SUMMARY:
==3536==    definitely lost: 0 bytes in 0 blocks
==3536==    indirectly lost: 0 bytes in 0 blocks
==3536==      possibly lost: 0 bytes in 0 blocks
==3536==    still reachable: 138,719 bytes in 267 blocks
==3536==         suppressed: 0 bytes in 0 blocks
==3536== Reachable blocks (those to which a pointer was found) are not shown.
==3536== To see them, rerun with: --leak-check=full --show-leak-kinds=all
==3536== 
==3536== For counts of detected and suppressed errors, rerun with: -v
==3536== ERROR SUMMARY: 0 errors from 0 contexts (suppressed: 0 from 0)
==3450== 
==3450== HEAP SUMMARY:
==3450==     in use at exit: 134,356 bytes in 195 blocks
==3450==   total heap usage: 400 allocs, 205 frees, 161,499 bytes allocated
==3450== 
==3450== LEAK SUMMARY:
==3450==    definitely lost: 0 bytes in 0 blocks
==3450==    indirectly lost: 0 bytes in 0 blocks
==3450==      possibly lost: 0 bytes in 0 blocks
==3450==    still reachable: 134,356 bytes in 195 blocks
==3450==         suppressed: 0 bytes in 0 blocks
==3450== Reachable blocks (those to which a pointer was found) are not shown.
==3450== To see them, rerun with: --leak-check=full --show-leak-kinds=all
==3450== 
==3450== For counts of detected and suppressed errors, rerun with: -v
==3450== ERROR SUMMARY: 0 errors from 0 contexts (suppressed: 0 from 0)
==== Test 140: test_files ====
==3660== Memcheck, a memory error detector
==3660== Copyright (C) 2002-2017, and GNU GPL'd, by Julian Seward et al.
==3660== Using Valgrind-3.13.0 and LibVEX; rerun with -h for copyright info
==3660== Command: ../minishell
==3660== Parent PID: 3658
==3660== 
==3669== 
==3669== HEAP SUMMARY:
==3669==     in use at exit: 138,736 bytes in 267 blocks
==3669==   total heap usage: 549 allocs, 282 frees, 164,251 bytes allocated
==3669== 
==3669== LEAK SUMMARY:
==3669==    definitely lost: 0 bytes in 0 blocks
==3669==    indirectly lost: 0 bytes in 0 blocks
==3669==      possibly lost: 0 bytes in 0 blocks
==3669==    still reachable: 138,736 bytes in 267 blocks
==3669==         suppressed: 0 bytes in 0 blocks
==3669== Reachable blocks (those to which a pointer was found) are not shown.
==3669== To see them, rerun with: --leak-check=full --show-leak-kinds=all
==3669== 
==3669== For counts of detected and suppressed errors, rerun with: -v
==3669== ERROR SUMMARY: 0 errors from 0 contexts (suppressed: 0 from 0)
==3660== 
==3660== HEAP SUMMARY:
==3660==     in use at exit: 134,361 bytes in 195 blocks
==3660==   total heap usage: 401 allocs, 206 frees, 161,571 bytes allocated
==3660== 
==3660== LEAK SUMMARY:
==3660==    definitely lost: 0 bytes in 0 blocks
==3660==    indirectly lost: 0 bytes in 0 blocks
==3660==      possibly lost: 0 bytes in 0 blocks
==3660==    still reachable: 134,361 bytes in 195 blocks
==3660==         suppressed: 0 bytes in 0 blocks
==3660== Reachable blocks (those to which a pointer was found) are not shown.
==3660== To see them, rerun with: --leak-check=full --show-leak-kinds=all
==3660== 
==3660== For counts of detected and suppressed errors, rerun with: -v
==3660== ERROR SUMMARY: 0 errors from 0 contexts (suppressed: 0 from 0)
==== Test 141: ./test_files ====
==3712== Memcheck, a memory error detector
==3712== Copyright (C) 2002-2017, and GNU GPL'd, by Julian Seward et al.
==3712== Using Valgrind-3.13.0 and LibVEX; rerun with -h for copyright info
==3712== Command: ../minishell
==3712== Parent PID: 3710
==3712== 
==3716== 
==3716== HEAP SUMMARY:
==3716==     in use at exit: 138,742 bytes in 267 blocks
==3716==   total heap usage: 401 allocs, 134 frees, 161,564 bytes allocated
==3716== 
==3716== LEAK SUMMARY:
==3716==    definitely lost: 0 bytes in 0 blocks
==3716==    indirectly lost: 0 bytes in 0 blocks
==3716==      possibly lost: 0 bytes in 0 blocks
==3716==    still reachable: 138,742 bytes in 267 blocks
==3716==         suppressed: 0 bytes in 0 blocks
==3716== Reachable blocks (those to which a pointer was found) are not shown.
==3716== To see them, rerun with: --leak-check=full --show-leak-kinds=all
==3716== 
==3716== For counts of detected and suppressed errors, rerun with: -v
==3716== ERROR SUMMARY: 0 errors from 0 contexts (suppressed: 0 from 0)
==3712== 
==3712== HEAP SUMMARY:
==3712==     in use at exit: 134,363 bytes in 195 blocks
==3712==   total heap usage: 403 allocs, 208 frees, 161,610 bytes allocated
==3712== 
==3712== LEAK SUMMARY:
==3712==    definitely lost: 0 bytes in 0 blocks
==3712==    indirectly lost: 0 bytes in 0 blocks
==3712==      possibly lost: 0 bytes in 0 blocks
==3712==    still reachable: 134,363 bytes in 195 blocks
==3712==         suppressed: 0 bytes in 0 blocks
==3712== Reachable blocks (those to which a pointer was found) are not shown.
==3712== To see them, rerun with: --leak-check=full --show-leak-kinds=all
==3712== 
==3712== For counts of detected and suppressed errors, rerun with: -v
==3712== ERROR SUMMARY: 0 errors from 0 contexts (suppressed: 0 from 0)
==== Test 142: /test_files ====
==3755== Memcheck, a memory error detector
==3755== Copyright (C) 2002-2017, and GNU GPL'd, by Julian Seward et al.
==3755== Using Valgrind-3.13.0 and LibVEX; rerun with -h for copyright info
==3755== Command: ../minishell
==3755== Parent PID: 3753
==3755== 
==3759== 
==3759== HEAP SUMMARY:
==3759==     in use at exit: 138,739 bytes in 267 blocks
==3759==   total heap usage: 400 allocs, 133 frees, 161,544 bytes allocated
==3759== 
==3759== LEAK SUMMARY:
==3759==    definitely lost: 0 bytes in 0 blocks
==3759==    indirectly lost: 0 bytes in 0 blocks
==3759==      possibly lost: 0 bytes in 0 blocks
==3759==    still reachable: 138,739 bytes in 267 blocks
==3759==         suppressed: 0 bytes in 0 blocks
==3759== Reachable blocks (those to which a pointer was found) are not shown.
==3759== To see them, rerun with: --leak-check=full --show-leak-kinds=all
==3759== 
==3759== For counts of detected and suppressed errors, rerun with: -v
==3759== ERROR SUMMARY: 0 errors from 0 contexts (suppressed: 0 from 0)
==3755== 
==3755== HEAP SUMMARY:
==3755==     in use at exit: 134,362 bytes in 195 blocks
==3755==   total heap usage: 402 allocs, 207 frees, 161,590 bytes allocated
==3755== 
==3755== LEAK SUMMARY:
==3755==    definitely lost: 0 bytes in 0 blocks
==3755==    indirectly lost: 0 bytes in 0 blocks
==3755==      possibly lost: 0 bytes in 0 blocks
==3755==    still reachable: 134,362 bytes in 195 blocks
==3755==         suppressed: 0 bytes in 0 blocks
==3755== Reachable blocks (those to which a pointer was found) are not shown.
==3755== To see them, rerun with: --leak-check=full --show-leak-kinds=all
==3755== 
==3755== For counts of detected and suppressed errors, rerun with: -v
==3755== ERROR SUMMARY: 0 errors from 0 contexts (suppressed: 0 from 0)
==== Test 143: minishell.h ====
==3798== Memcheck, a memory error detector
==3798== Copyright (C) 2002-2017, and GNU GPL'd, by Julian Seward et al.
==3798== Using Valgrind-3.13.0 and LibVEX; rerun with -h for copyright info
==3798== Command: ../minishell
==3798== Parent PID: 3796
==3798== 
==3806== 
==3806== HEAP SUMMARY:
==3806==     in use at exit: 138,739 bytes in 267 blocks
==3806==   total heap usage: 550 allocs, 283 frees, 164,281 bytes allocated
==3806== 
==3806== LEAK SUMMARY:
==3806==    definitely lost: 0 bytes in 0 blocks
==3806==    indirectly lost: 0 bytes in 0 blocks
==3806==      possibly lost: 0 bytes in 0 blocks
==3806==    still reachable: 138,739 bytes in 267 blocks
==3806==         suppressed: 0 bytes in 0 blocks
==3806== Reachable blocks (those to which a pointer was found) are not shown.
==3806== To see them, rerun with: --leak-check=full --show-leak-kinds=all
==3806== 
==3806== For counts of detected and suppressed errors, rerun with: -v
==3806== ERROR SUMMARY: 0 errors from 0 contexts (suppressed: 0 from 0)
==3798== 
==3798== HEAP SUMMARY:
==3798==     in use at exit: 134,362 bytes in 195 blocks
==3798==   total heap usage: 402 allocs, 207 frees, 161,590 bytes allocated
==3798== 
==3798== LEAK SUMMARY:
==3798==    definitely lost: 0 bytes in 0 blocks
==3798==    indirectly lost: 0 bytes in 0 blocks
==3798==      possibly lost: 0 bytes in 0 blocks
==3798==    still reachable: 134,362 bytes in 195 blocks
==3798==         suppressed: 0 bytes in 0 blocks
==3798== Reachable blocks (those to which a pointer was found) are not shown.
==3798== To see them, rerun with: --leak-check=full --show-leak-kinds=all
==3798== 
==3798== For counts of detected and suppressed errors, rerun with: -v
==3798== ERROR SUMMARY: 0 errors from 0 contexts (suppressed: 0 from 0)
==== Test 144: $ ====
==3845== Memcheck, a memory error detector
==3845== Copyright (C) 2002-2017, and GNU GPL'd, by Julian Seward et al.
==3845== Using Valgrind-3.13.0 and LibVEX; rerun with -h for copyright info
==3845== Command: ../minishell
==3845== Parent PID: 3843
==3845== 
==3845== 
==3845== HEAP SUMMARY:
==3845==     in use at exit: 134,352 bytes in 195 blocks
==3845==   total heap usage: 379 allocs, 184 frees, 161,350 bytes allocated
==3845== 
==3845== LEAK SUMMARY:
==3845==    definitely lost: 0 bytes in 0 blocks
==3845==    indirectly lost: 0 bytes in 0 blocks
==3845==      possibly lost: 0 bytes in 0 blocks
==3845==    still reachable: 134,352 bytes in 195 blocks
==3845==         suppressed: 0 bytes in 0 blocks
==3845== Reachable blocks (those to which a pointer was found) are not shown.
==3845== To see them, rerun with: --leak-check=full --show-leak-kinds=all
==3845== 
==3845== For counts of detected and suppressed errors, rerun with: -v
==3845== ERROR SUMMARY: 0 errors from 0 contexts (suppressed: 0 from 0)
==== Test 145: $? ====
==3895== Memcheck, a memory error detector
==3895== Copyright (C) 2002-2017, and GNU GPL'd, by Julian Seward et al.
==3895== Using Valgrind-3.13.0 and LibVEX; rerun with -h for copyright info
==3895== Command: ../minishell
==3895== Parent PID: 3893
==3895== 
==3895== 
==3895== HEAP SUMMARY:
==3895==     in use at exit: 134,353 bytes in 195 blocks
==3895==   total heap usage: 379 allocs, 184 frees, 161,352 bytes allocated
==3895== 
==3895== LEAK SUMMARY:
==3895==    definitely lost: 0 bytes in 0 blocks
==3895==    indirectly lost: 0 bytes in 0 blocks
==3895==      possibly lost: 0 bytes in 0 blocks
==3895==    still reachable: 134,353 bytes in 195 blocks
==3895==         suppressed: 0 bytes in 0 blocks
==3895== Reachable blocks (those to which a pointer was found) are not shown.
==3895== To see them, rerun with: --leak-check=full --show-leak-kinds=all
==3895== 
==3895== For counts of detected and suppressed errors, rerun with: -v
==3895== ERROR SUMMARY: 0 errors from 0 contexts (suppressed: 0 from 0)
==== Test 146: README.md ====
==3948== Memcheck, a memory error detector
==3948== Copyright (C) 2002-2017, and GNU GPL'd, by Julian Seward et al.
==3948== Using Valgrind-3.13.0 and LibVEX; rerun with -h for copyright info
==3948== Command: ../minishell
==3948== Parent PID: 3942
==3948== 
==3952== 
==3952== HEAP SUMMARY:
==3952==     in use at exit: 138,733 bytes in 267 blocks
==3952==   total heap usage: 548 allocs, 281 frees, 164,222 bytes allocated
==3952== 
==3952== LEAK SUMMARY:
==3952==    definitely lost: 0 bytes in 0 blocks
==3952==    indirectly lost: 0 bytes in 0 blocks
==3952==      possibly lost: 0 bytes in 0 blocks
==3952==    still reachable: 138,733 bytes in 267 blocks
==3952==         suppressed: 0 bytes in 0 blocks
==3952== Reachable blocks (those to which a pointer was found) are not shown.
==3952== To see them, rerun with: --leak-check=full --show-leak-kinds=all
==3952== 
==3952== For counts of detected and suppressed errors, rerun with: -v
==3952== ERROR SUMMARY: 0 errors from 0 contexts (suppressed: 0 from 0)
==3948== 
==3948== HEAP SUMMARY:
==3948==     in use at exit: 134,360 bytes in 195 blocks
==3948==   total heap usage: 400 allocs, 205 frees, 161,553 bytes allocated
==3948== 
==3948== LEAK SUMMARY:
==3948==    definitely lost: 0 bytes in 0 blocks
==3948==    indirectly lost: 0 bytes in 0 blocks
==3948==      possibly lost: 0 bytes in 0 blocks
==3948==    still reachable: 134,360 bytes in 195 blocks
==3948==         suppressed: 0 bytes in 0 blocks
==3948== Reachable blocks (those to which a pointer was found) are not shown.
==3948== To see them, rerun with: --leak-check=full --show-leak-kinds=all
==3948== 
==3948== For counts of detected and suppressed errors, rerun with: -v
==3948== ERROR SUMMARY: 0 errors from 0 contexts (suppressed: 0 from 0)
